coffee,4418
flavor,4054
taste,3856
product,3832
tea,3605
time,2501
food,2243
price,2036
cup,1901
chocolate,1590
dog,1484
way,1363
sugar,1324
bag,1307
bit,1275
water,1146
amazon,1129
quality,1118
mix,1039
something,1019
treat,983
size,978
box,940
thing,927
brand,921
snack,913
stuff,876
oil,808
day,762
order,756
year,746
amount,700
milk,672
roast,671
texture,670
store,635
lot,630
deal,606
bread,605
blend,584
popcorn,574
shipping,564
tasting,561
anything,557
pack,521
package,507
salt,499
rice,493
grocery,458
butter,441
family,430
sauce,428
fat,423
toy,420
value,417
fan,410
version,403
syrup,394
corn,392
protein,385
packaging,380
fruit,378
drink,371
juice,371
health,363
k,360
wheat,359
variety,357
item,357
kind,356
diet,356
vanilla,354
candy,348
purchase,347
one,342
cocoa,342
alternative,339
cat,337
meal,333
nothing,330
baby,325
breakfast,322
cookie,321
aftertaste,317
bottle,317
side,315
month,315
chicken,313
machine,310
cream,308
case,305
cereal,302
batch,301
color,299
acid,299
meat,298
fact,296
part,296
morning,293
idea,290
aroma,290
condition,289
review,289
company,287
grain,281
choice,280
stomach,276
peanut,272
problem,270
smell,263
gift,262
oatmeal,261
half,260
use,258
spicy,258
plastic,256
market,249
formula,248
list,247
honey,246
ingredient,245
carb,242
difference,242
service,241
home,239
container,239
money,239
soda,237
cost,236
everything,235
work,234
pasta,234
type,232
soup,231
pumpkin,226
potato,225
pepper,224
calorie,221
couple,220
bar,220
powder,219
decaf,218
sweet,217
experience,215
cheese,215
pork,214
balance,213
energy,212
line,210
delivery,207
mountain,207
mouth,206
jerky,206
house,202
breath,196
recipe,195
consistency,190
week,189
substitute,189
bowl,188
fiber,186
shape,183
life,182
orange,182
shipment,181
maple,180
addition,179
crunchy,173
bite,172
source,172
place,171
sweetener,170
medium,169
coconut,167
piece,166
try,165
licorice,164
packet,164
weight,163
end,163
bean,162
style,162
chai,162
option,161
reason,161
buy,161
keurig,160
body,157
sodium,157
beef,156
spice,155
chip,154
bold,154
son,153
eater,153
everyone,152
night,151
salty,151
pot,151
dark,149
husband,147
ice,147
flour,146
ground,145
change,144
content,144
crunch,143
lab,143
oz,142
area,141
pet,140
brew,138
favorite,137
pound,135
bake,135
serving,134
gum,134
supermarket,133
vet,133
chili,133
hand,132
plain,132
crisp,132
apple,132
combination,131
lunch,131
job,131
beverage,130
anyone,130
jar,130
basis,130
cake,127
sort,127
name,127
chewy,126
sweetness,126
number,125
cinnamon,124
ginger,124
yogurt,123
online,122
bisquick,121
shake,121
top,120
portion,120
microwave,120
none,119
mess,119
person,115
glass,115
supply,115
dairy,115
grey,115
bitter,115
espresso,115
label,114
daughter,114
pop,114
someone,112
lb,112
trade,112
pb,112
opinion,111
dish,110
light,110
system,110
rope,110
heat,109
mint,109
reviewer,108
issue,107
kick,107
hint,107
seasoning,106
world,105
skin,105
replacement,104
chew,104
moist,102
cracker,102
caffeine,102
stock,101
note,101
popper,101
jug,101
lemon,100
form,100
dinner,100
point,100
coat,99
cheddar,99
course,99
puck,99
shelf,98
surprise,97
star,97
mine,96
nutrition,95
fun,95
mill,95
bulk,94
training,94
tooth,94
newman,94
toast,93
love,92
pricey,92
air,92
granola,92
pancake,91
go,90
leaf,90
ounce,89
shot,89
level,89
pizza,89
waste,88
customer,88
hit,88
matter,88
seller,87
fish,87
blood,87
paper,86
hour,86
rest,86
gf,86
tree,86
pie,86
creamer,85
retriever,85
bitterness,85
disease,83
thought,83
tasty,83
look,83
friend,83
hazelnut,83
bland,82
summer,82
grass,82
crispy,82
brown,82
stevia,82
vinegar,81
pantry,81
salad,81
site,81
bone,81
plant,81
baking,80
breed,80
description,80
wife,80
tin,78
party,78
care,78
mug,78
grind,78
bottom,77
date,77
maker,77
*,77
buying,77
s.,76
plus,76
convenience,75
bonus,75
manner,74
reaction,74
door,74
effect,74
virgin,74
salmon,74
grade,74
paste,74
liquid,74
seed,74
restaurant,73
sale,73
chance,72
guy,72
dessert,72
shepherd,72
sample,72
raspberry,72
chewer,72
cooking,71
sip,71
delight,70
caramel,70
today,70
press,70
movie,70
room,69
yr,68
mustard,68
quantity,68
bunch,68
pan,67
pure,67
gas,67
tender,67
filling,67
trouble,67
pamela,67
non,66
process,66
feel,66
child,66
complaint,66
selection,66
drinker,66
christmas,65
website,65
plenty,65
onion,65
information,65
yummy,64
luck,64
loaf,64
guess,64
/,64
carbs,64
girl,63
right,63
result,63
cherry,63
convenient,62
base,62
peppermint,62
space,62
comparison,62
kitchen,62
ghee,62
junk,62
teeth,62
ball,61
kid,61
nature,61
egg,61
flavour,60
afternoon,60
almond,60
odor,60
picture,60
lamb,59
flavoring,59
chemical,59
nectar,59
switch,59
goodness,58
solution,58
tuna,58
banana,58
wrap,58
scent,58
wine,58
handful,58
benefit,58
spoon,58
peach,58
tangerine,58
share,57
disappointment,57
kettle,57
coating,57
reflux,57
news,57
hair,56
boy,56
carbonation,56
crust,56
plan,56
inside,56
fruity,56
soy,56
b,56
pre,56
subscription,56
story,55
pain,55
acidity,55
clean,55
fix,55
biscuit,55
pleasure,54
need,54
heart,54
layer,54
miss,54
drop,54
kit,54
gluten,54
brewing,54
minute,53
trip,53
g,53
shop,53
rating,53
tomato,53
age,52
eating,52
cardboard,52
bbq,52
cold,52
discount,52
lid,52
sausage,52
quaker,52
country,51
cut,51
china,51
bacon,51
herb,51
subscribe,51
spread,51
train,51
bargain,50
root,50
penny,50
research,50
setting,50
gold,49
beer,49
sea,49
pineapple,49
design,49
homemade,49
floor,49
canidae,49
premium,48
touch,48
buttery,48
help,48
rate,48
oreo,48
science,48
pretzel,48
brownie,48
earl,48
success,47
pick,47
rubber,47
lover,47
earth,47
mistake,47
town,47
liver,47
inch,47
tub,46
impression,46
ketchup,46
state,46
drinking,46
intake,46
man,46
mind,46
buffalo,46
cook,46
eat,46
tummy,46
e.,46
run,45
middle,45
index,45
preference,45
school,45
mother,45
improvement,45
term,45
turkey,45
mom,45
mixture,45
gourmet,45
grape,45
refund,44
step,44
lipton,44
interest,44
freezer,44
msg,44
dressing,44
winter,44
square,44
serve,44
loss,44
kibble,44
punch,44
crema,44
garlic,43
stash,43
internet,43
staple,43
count,43
mart,43
basket,43
effort,43
fast,43
sense,43
edge,43
diamond,43
mate,43
diarrhea,42
tray,42
brewer,42
start,42
hibiscus,42
test,42
spot,42
grapefruit,42
rawhide,42
buddy,42
extract,41
office,41
birthday,41
longer,41
cholesterol,41
berry,41
alot,41
future,41
material,41
soil,41
lime,41
thank,40
feeling,40
strawberry,40
aspect,40
target,40
thicker,40
burn,40
word,40
search,40
tofu,40
oven,40
seal,40
smelling,40
pup,40
manufacturer,40
mini,40
nut,40
bonsai,40
weather,39
mango,39
fridge,39
barley,39
pocket,39
range,39
mac,39
evening,39
mocha,39
walmart,38
strength,38
concept,38
duck,38
melitta,38
mayo,38
puroast,38
citrus,37
consumption,37
tart,37
vendor,37
season,37
tablespoon,37
fashion,37
factor,37
fresh,37
pod,37
allergy,37
program,37
dough,37
freeze,37
pill,37
past,36
face,36
bed,36
refreshing,36
find,36
counter,36
smooth,36
finish,36
sandwich,36
dip,36
canister,36
crap,36
center,36
truffle,36
digestion,35
salsa,35
pressure,35
thick,35
power,35
rock,35
please,35
silk,35
stale,35
foil,35
standard,35
feast,35
vitamin,35
greenie,35
sweetner,34
broth,34
mail,34
scratch,34
puppy,34
attention,34
vegan,34
occasion,33
tongue,33
business,33
toddler,33
adult,33
terrier,33
organic,33
info,33
fry,33
beach,33
dense,33
watery,33
chia,33
taffy,32
assortment,32
jam,32
poodle,32
perfect,32
dust,32
gravy,32
super,32
challenge,32
set,32
marinade,31
method,31
purpose,31
palate,31
cube,31
fine,31
href=,31
pouch,31
mild,31
warehouse,31
filter,31
latte,31
member,31
hide,31
hope,30
topping,30
example,30
control,30
cane,30
section,30
intolerant,30
temperature,30
risk,30
winner,30
pricing,30
iron,30
eye,30
etc,30
fall,30
chewing,30
costco,30
paw,30
hygiene,30
tablet,29
bulldog,29
quick,29
california,29
york,29
hole,29
crocker,29
whole,29
matcha,29
wait,29
blueberry,29
b/c,29
jack,29
e,29
batter,29
waffle,29
kcup,29
grocer,29
libby,29
bull,29
heartburn,29
shortage,29
book,28
sister,28
flower,28
boost,28
ride,28
city,28
tangy,28
trader,28
puree,28
compliment,28
reward,28
curry,28
sampler,28
damage,28
peterson,28
supplement,28
attempt,28
goat,28
bill,28
quinoa,28
catnip,28
guilt,27
though,27
class,27
spring,27
volume,27
thai,27
thickness,27
dent,27
teaspoon,27
spearmint,27
storage,27
feedback,27
cacao,27
hesitant,27
dose,27
response,27
round,27
recommendation,27
drip,27
burnt,27
household,27
smoke,27
head,27
collection,27
pho,27
agave,27
tract,26
satisfying,26
dollar,26
depth,26
expiration,26
concern,26
palm,26
animal,26
farm,26
min,26
bakery,26
grinder,26
zip,26
play,26
stool,26
husky,26
mutt,26
sweeter,25
sure,25
pearl,25
savory,25
outside,25
cause,25
advantage,25
ale,25
yeast,25
twist,25
period,25
cleaning,25
game,25
steak,25
lemonade,25
sesame,25
firm,25
comment,25
tzu,25
shell,25
nose,25
slice,25
blue,25
sound,25
doubt,25
awhile,25
cap,25
pink,25
potassium,24
fluffy,24
saver,24
return,24
sun,24
muffin,24
substance,24
theater,24
fit,24
creme,24
doctor,24
situation,24
auto,24
chowder,24
death,24
lack,24
creamy,24
shepard,24
c,24
raisin,24
wood,24
chihuahua,24
childhood,23
cool,23
poop,23
wellness,23
think,23
fragrance,23
bergamot,23
specialty,23
post,23
england,23
combo,23
good,23
dozen,23
ship,23
allowance,23
stir,23
amber,23
medicine,23
throat,23
car,22
back,22
litter,22
tasteless,22
gallon,22
worth,22
stage,22
budget,22
consumer,22
finger,22
moment,22
transaction,22
spinach,22
vodka,22
noodle,22
comfort,22
seafood,22
web,22
print,22
gel,22
ranch,22
starter,22
scoop,22
tug,22
puzzle,22
craving,21
second,21
altura,21
gummy,21
stick,21
medication,21
sign,21
concentrate,21
],21
chunk,21
burst,21
duty,21
freshness,21
plate,21
knife,21
thinking,21
frosting,21
holiday,21
zealand,21
gerber,21
enjoy,21
planet,21
add,21
page,21
mid,21
stand,21
caviar,21
marzano,21
unit,21
chef,21
relief,21
metal,21
photo,21
miracle,21
clam,21
easy,21
drive,21
america,21
infection,21
tang,21
impact,21
india,21
action,21
tartar,21
preparation,20
oat,20
wow,20
juicy,20
habit,20
th,20
wise,20
membership,20
appetite,20
tacs,20
weird,20
wonderful,20
hassle,20
vacation,20
feeding,20
favor,20
calcium,20
road,20
bowel,20
warning,20
moderation,20
front,20
tab,20
n.,20
harder,20
constipation,20
pinch,20
spoonful,20
club,20
schedule,20
stove,20
crack,20
mushy,20
expense,20
left,20
rooibos,20
saffron,20
chick,20
packing,19
cola,19
green,19
tortilla,19
liquor,19
lasting,19
owner,19
advertising,19
answer,19
chocolaty,19
drawer,19
booty,19
self,19
co,19
pea,19
chocolatey,19
corner,19
excellent,19
location,19
selling,19
connoisseur,19
beagle,19
pug,19
shim,19
fondant,19
river,19
cet,19
stew,18
buyer,18
habanero,18
stress,18
mg,18
valley,18
cooler,18
splenda,18
fond,18
majority,18
supplier,18
aid,18
save,18
failure,18
kona,18
indigestion,18
table,18
cute,18
filler,18
sheet,18
pear,18
notch,18
presentation,18
trash,18
similac,18
refrigerator,18
carrot,18
pomegranate,18
shopping,18
usa,18
film,18
seaweed,18
device,18
cuisine,18
law,18
tool,18
picky,18
intolerance,18
darker,18
offering,18
pregnancy,18
monster,18
get,18
haribo,18
toffee,18
rancid,18
mold,18
lavender,18
win,18
hot,18
crumb,18
and/or,18
trick,17
ate,17
mass,17
sensation,17
aisle,17
till,17
mood,17
college,17
yorkie,17
jasmine,17
worker,17
lobster,17
tax,17
camper,17
pretty,17
user,17
equipment,17
brother,17
gain,17
coco,17
cover,17
anytime,17
credit,17
track,17
exception,17
aspartame,17
dash,17
thirst,17
feed,17
decision,17
ol,17
dane,17
holder,17
border,17
chow,17
feature,17
hearty,17
carpet,17
break,17
bedtime,17
chain,17
oak,17
assam,17
sencha,17
instant,16
<,16
male,16
fur,16
dollop,16
equivalent,16
lady,16
magic,16
call,16
tape,16
appearance,16
south,16
remedy,16
jersey,16
present,16
purse,16
experiment,16
baker,16
yum,16
ratio,16
dha,16
dry,16
shrimp,16
hummus,16
glad,16
application,16
canin,16
veggie,16
richness,16
moisture,16
icicle,16
desert,16
pooch,16
recommend,16
messy,16
tartness,16
deli,16
scale,16
chamomile,16
kong,16
fault,16
crystal,16
starch,16
breading,16
error,15
opportunity,15
gummi,15
neighborhood,15
sour,15
brain,15
mesh,15
pricy,15
peet,15
update,15
cupboard,15
measure,15
garbage,15
character,15
pointer,15
dad,15
december,15
[,15
p,15
bud,15
enjoyment,15
drawback,15
chun,15
breast,15
variation,15
cranberry,15
god,15
caribou,15
zing,15
dirt,15
offer,15
maintenance,15
arrival,15
computer,15
travel,15
study,15
fire,15
routine,15
upset,15
hazard,15
ear,15
tube,15
gram,15
vine,15
jamaica,15
wheatgrass,15
cal,15
macaroni,15
hip,15
orzo,15
dick,15
happybaby,15
surgery,14
temp,14
texas,14
exercise,14
charge,14
italy,14
ease,14
sleep,14
tsp,14
complexity,14
cheesy,14
weekend,14
cocker,14
performance,14
lol,14
bomb,14
gatorade,14
wrapper,14
ink,14
density,14
analysis,14
squash,14
recall,14
dispenser,14
mixing,14
tail,14
boxer,14
shelter,14
indulgence,14
tbsp,14
mention,14
blender,14
mo,14
roll,14
popping,14
kernel,14
workout,14
sprinkle,14
support,14
drank,14
horse,14
cycle,14
sensitivity,14
street,14
mixer,14
flavorless,14
pastry,14
cottage,14
fed,14
proof,14
n,14
petco,14
headache,14
quart,14
laden,14
competition,14
jelly,14
mat,14
korma,14
mouthful,13
mexico,13
reputation,13
asparagus,13
royal,13
cornbread,13
jello,13
smoother,13
cheesecake,13
tb,13
length,13
eukanuba,13
jalapeno,13
coupon,13
goo,13
splash,13
stop,13
turn,13
teapot,13
enthusiasm,13
sunflower,13
rib,13
congestion,13
dont,13
sinus,13
show,13
cabinet,13
fattening,13
donut,13
average,13
grandson,13
department,13
coast,13
emeril,13
gi,13
purchasing,13
omega,13
crazy,13
y.,13
environment,13
tad,13
approach,13
joy,13
percent,13
bob,13
split,13
formulation,13
purina,13
taco,13
multi,13
soap,13
simple,13
desk,13
celery,13
outcome,13
tradition,13
tip,13
transition,13
image,13
hamburger,13
pesto,13
rescue,13
c.,13
venison,13
economy,13
walnut,13
spelt,13
attack,13
processing,13
link,13
tonight,13
lifestyle,13
burrito,13
surface,13
rub,13
rishi,13
dogswell,13
tv,12
bloating,12
a.,12
crop,12
appeal,12
cilantro,12
ton,12
everybody,12
liking,12
hurry,12
cross,12
diaper,12
broccoli,12
francisco,12
living,12
hfc,12
semi,12
limit,12
heard,12
essence,12
coke,12
mayonnaise,12
dr.,12
fda,12
difficulty,12
boyfriend,12
downside,12
apso,12
discomfort,12
prescription,12
distance,12
milder,12
ness,12
hodgson,12
pkg,12
bee,12
mastiff,12
claim,12
ten,12
senseo,12
cooker,12
im,12
yesterday,12
sardine,12
con,12
joe,12
tapioca,12
brulee,12
profile,12
hunger,12
minty,12
glance,12
voila,12
dream,12
cayenne,12
cuz,12
peace,12
smoothie,12
tiger,12
trial,12
apart,12
statement,12
arthritis,12
plaque,12
opening,12
starbuck,12
sprouter,12
oregon,12
whip,12
merchant,11
pour,11
healing,11
speed,11
wake,11
refrigeration,11
ham,11
secret,11
malt,11
shame,11
barbeque,11
condiment,11
fuss,11
gooey,11
whey,11
ole,11
contamination,11
bet,11
nobody,11
gmo,11
promise,11
spray,11
dente,11
coloring,11
healthier,11
grandmother,11
thinner,11
~,11
category,11
ability,11
heaven,11
everytime,11
availability,11
yuban,11
wasabi,11
hey,11
schnauzer,11
merchandise,11
graham,11
jet,11
magnesium,11
flax,11
pay,11
addiction,11
pump,11
japan,11
avocado,11
sushi,11
kosher,11
lining,11
suggestion,11
array,11
tarter,11
pace,11
mic,11
joke,11
celiac,11
w/,11
pulp,11
hunt,11
garden,11
lookout,11
inflammation,11
companion,11
carton,11
bear,11
vomiting,11
visit,11
grainy,11
percentage,11
direction,11
strainer,11
history,11
reduction,11
expresso,11
europe,11
lavazza,11
yogi,11
fondarific,11
bucket,11
j,11
par,11
doorstep,11
lucy,11
knowing,11
collie,11
greyhound,11
steel,11
baconnaise,11
ravioli,11
erythritol,11
bang,11
purple,11
chop,11
basil,10
mushroom,10
email,10
warm,10
smokey,10
v,10
snacking,10
greasy,10
accident,10
smoothness,10
production,10
view,10
access,10
expert,10
icecream,10
grill,10
stuffed,10
degree,10
component,10
behavior,10
wish,10
increase,10
smoky,10
cough,10
concentration,10
rebecca,10
zero,10
substitution,10
dye,10
boyardee,10
soul,10
crowd,10
mineral,10
pudding,10
ordering,10
petsmart,10
max,10
heck,10
retailer,10
cheetos,10
plug,10
treatment,10
dirty,10
edition,10
+,10
plum,10
marketing,10
jaw,10
advice,10
straw,10
community,10
i.,10
rip,10
redenbacher,10
alcohol,10
well,10
wafer,10
hershey,10
chunky,10
marmalade,10
otherwise,10
making,10
group,10
excuse,10
boot,10
bother,10
sight,10
card,10
mommy,10
evo,10
row,10
role,10
cafe,10
delicate,10
rule,10
wire,10
paprika,10
distributor,10
stem,10
decadent,10
manufacturing,10
excitement,10
hemp,10
xylitol,10
x,10
requirement,10
nana,10
father,10
cancer,10
shortbread,10
check,10
whiff,10
reserve,10
bolder,10
island,10
mellow,10
enough,10
cotton,10
dill,10
powdery,10
toothpaste,10
pine,10
macadamia,10
bath,10
pig,10
title,10
runny,10
supreme,10
cardamom,10
frustration,10
petrodex,10
beauty,9
velvety,9
lesson,9
france,9
outlet,9
drug,9
twelve,9
truck,9
broken,9
transit,9
lay,9
grease,9
labeling,9
glycemic,9
deliciousness,9
disc,9
project,9
diner,9
safety,9
factory,9
mark,9
diabetic,9
doggie,9
everyday,9
lite,9
vacuum,9
baronet,9
barbecue,9
satisfaction,9
granddaughter,9
skillet,9
tho,9
straight,9
puff,9
somehow,9
account,9
seltzer,9
chalky,9
fuller,9
kinda,9
match,9
davidson,9
gym,9
hydration,9
move,9
carbohydrate,9
kidney,9
snap,9
dunkin,9
h,9
pitcher,9
styrofoam,9
stack,9
timothy,9
function,9
produce,9
lingering,9
walk,9
subtle,9
cent,9
button,9
frying,9
task,9
sumatra,9
aussie,9
rinse,9
deep,9
virginia,9
confection,9
hubby,9
burger,9
ziploc,9
whim,9
carber,9
laugh,9
growth,9
teriyaki,9
strip,9
grown,9
sparkling,9
cuisinart,9
ready,9
outer,9
hang,9
yield,9
century,9
trap,9
kitty,9
steeping,9
tumbler,9
darn,9
blackberry,9
pallet,9
publix,9
cart,9
carousel,9
marshmallow,9
sam,9
biscotti,9
kava,9
breathe,9
t.,9
sky,9
model,9
teenie,9
nector,9
maid,9
nutmeg,8
sorry,8
envelope,8
felidae,8
thumb,8
=,8
mean,8
wedding,8
choc,8
pungent,8
promotion,8
trust,8
complement,8
crate,8
entertainment,8
staff,8
sick,8
theme,8
gut,8
contain,8
bin,8
squirt,8
tast,8
journey,8
custard,8
herbal,8
quit,8
pistachio,8
background,8
prep,8
attitude,8
knowledge,8
stinky,8
mission,8
nice,8
extra,8
strange,8
event,8
sub,8
cow,8
nicer,8
illness,8
micro,8
o.,8
fudge,8
mahogany,8
fav,8
coffe,8
cookbook,8
height,8
antioxidant,8
popped,8
rum,8
comforting,8
beginning,8
pepperoni,8
ring,8
confidence,8
rye,8
nurse,8
yeah,8
eggnog,8
houtte,8
miniature,8
menu,8
come,8
perfection,8
release,8
friday,8
roland,8
interface,8
tone,8
sent,8
decade,8
heeler,8
appreciation,8
detox,8
ache,8
pit,8
mature,8
thru,8
rd,8
guinea,8
cajun,8
minimum,8
casserole,8
marzipan,8
saving,8
desire,8
sized,8
whatever,8
immune,8
chest,8
fuel,8
miso,8
gunpowder,8
bell,8
block,8
lump,8
zuke,8
fonderific,8
tier,8
curl,8
make,8
sack,8
jolt,8
neck,8
yard,8
flaky,8
distress,8
zevia,8
cupcake,8
board,8
creek,8
dental,8
shih,8
fear,8
thunder,8
sit,7
imagine,7
rack,7
kitten,7
select,7
shower,7
icing,7
noise,7
peony,7
silky,7
feeder,7
canada,7
concoction,7
caution,7
lemongrass,7
yellow,7
panel,7
knob,7
mouthfeel,7
tabasco,7
glue,7
patience,7
neighbor,7
amazing,7
anise,7
trading,7
vase,7
brazil,7
wet,7
grail,7
crab,7
golf,7
ny,7
buttermilk,7
tac,7
r,7
vintage,7
mcdougall,7
awesome,7
doodle,7
bathroom,7
decent,7
addict,7
display,7
needle,7
werther,7
stonewall,7
consistancy,7
imo,7
malty,7
quarter,7
merrick,7
string,7
birth,7
signature,7
sumatran,7
kool,7
bpa,7
pom,7
curd,7
notice,7
fare,7
drizzle,7
tear,7
woman,7
spike,7
question,7
sucralose,7
cappuccino,7
residue,7
plump,7
keebler,7
climate,7
fillet,7
tinkyada,7
bran,7
dipping,7
peaberry,7
caveat,7
guava,7
figure,7
boneless,7
record,7
revolution,7
splurge,7
java,7
slim,7
compromise,7
morsel,7
la,7
mist,7
leery,7
co.,7
forward,7
resort,7
hotel,7
gusto,7
government,7
steep,7
zest,7
kraft,7
shock,7
indication,7
introduction,7
pepsi,7
dew,7
infusion,7
effectiveness,7
net,7
currant,7
po,7
refill,7
moss,7
kefir,7
boil,7
butterfinger,7
activity,7
linda,7
listing,7
smile,7
odd,7
experimentation,7
gelatin,7
pickle,7
disaster,7
adventure,7
leafy,7
poo,7
expansion,7
delicacy,7
hate,7
ritz,7
female,7
prefer,7
glutino,7
jim,7
indoor,7
field,7
sturdy,7
tendency,7
van,7
team,7
departure,7
funny,7
malamute,7
corgi,7
breakage,7
dance,7
gland,7
clover,7
grandma,7
total,7
bisto,7
expectation,7
avoderm,7
investment,7
blockage,7
wheel,7
whiskey,7
fusilli,7
chock,6
boring,6
custom,6
watermelon,6
dosage,6
steaz,6
bypass,6
stream,6
meant,6
take,6
profit,6
gosh,6
heinz,6
cashew,6
entree,6
slit,6
st,6
accompaniment,6
palette,6
rabbit,6
fill,6
liner,6
progress,6
memory,6
hostess,6
cornstarch,6
trend,6
trifle,6
bug,6
see,6
wont,6
guarantee,6
basement,6
possibility,6
pas,6
fence,6
compare,6
carbon,6
poison,6
imitation,6
revv,6
shade,6
bodied,6
bisque,6
horror,6
grassy,6
trident,6
airy,6
pride,6
regulation,6
setup,6
silver,6
cuppa,6
rise,6
ok.,6
load,6
sand,6
milky,6
faint,6
mama,6
vegetarian,6
reading,6
mercury,6
goal,6
shortcake,6
lighter,6
decaff,6
cash,6
cry,6
personality,6
crispbread,6
wilton,6
behold,6
spaniel,6
mile,6
bark,6
paleo,6
fig,6
cheaper,6
jump,6
girlfriend,6
easter,6
overtone,6
anxiety,6
festival,6
sitting,6
mixed,6
flexibility,6
trainer,6
west,6
movement,6
u,6
stuffing,6
gin,6
july,6
forever,6
chi,6
feline,6
june,6
amd,6
draw,6
rush,6
izze,6
unpleasantness,6
champagne,6
fizzy,6
buck,6
procedure,6
dismay,6
coffess,6
guacamole,6
harvest,6
passion,6
league,6
facility,6
wrapping,6
conversation,6
bp,6
human,6
rich,6
chocoholic,6
stephen,6
position,6
harvey,6
wal,6
yuck,6
peppery,6
yumminess,6
canine,6
metabolism,6
culture,6
finishing,6
consideration,6
harshness,6
decay,6
leg,6
westie,6
papillon,6
suitcase,6
nylon,6
keep,6
diagnosis,6
replacment,6
hawaii,6
crew,6
toxic,6
sprout,6
alfalfa,6
masala,6
rectangle,6
generation,6
farmer,6
dachshund,6
safeway,6
halfway,6
ridgeback,6
fortune,6
fertilizer,6
numi,6
camping,6
mcvitie,6
diameter,6
micklegal,6
jewell,6
sorghum,6
free.,6
goodlife,6
trimester,6
handle,5
expensive,5
fatty,5
send,5
cheap,5
undertone,5
glaze,5
pate,5
building,5
flaw,5
core,5
autism,5
overall,5
diego,5
carolina,5
reorder,5
tassimo,5
footage,5
soothing,5
clump,5
cure,5
popularity,5
dude,5
jalape,5
perspective,5
ray,5
uncle,5
pyramid,5
novelty,5
protien,5
bigelow,5
lollipop,5
broke,5
football,5
lieu,5
lock,5
temptation,5
remainder,5
sweetening,5
bagel,5
da,5
infant,5
yuk,5
hold,5
le,5
usage,5
k.,5
quest,5
tastebud,5
ok,5
conscience,5
drain,5
force,5
pull,5
martini,5
shaker,5
technique,5
seat,5
leftover,5
relative,5
bundle,5
ziplock,5
mystery,5
p.,5
additive,5
imagination,5
delicious,5
stay,5
coffeemaker,5
kashi,5
maybe,5
springer,5
ploy,5
fly,5
bay,5
public,5
rep,5
tint,5
snow,5
whirley,5
hulless,5
king,5
stovetop,5
screw,5
belief,5
halloween,5
disorder,5
dandruff,5
namaste,5
tan,5
worry,5
trail,5
push,5
powering,5
inspection,5
poster,5
inflammatory,5
lettuce,5
balsamic,5
estimate,5
prince,5
recording,5
audio,5
preamp,5
converter,5
hell,5
running,5
toxin,5
cheeseburger,5
path,5
florida,5
pun,5
explanation,5
pep,5
pricier,5
brick,5
kavli,5
watering,5
flaver,5
hospital,5
ha,5
okay,5
respiratory,5
indicator,5
awake,5
jerk,5
certification,5
demand,5
migraine,5
beware,5
coriander,5
harris,5
blob,5
madagascar,5
message,5
caffine,5
em,5
milkshake,5
prior,5
convert,5
faith,5
smoking,5
individual,5
leather,5
diversion,5
meaty,5
newton,5
germany,5
finer,5
learn,5
beginner,5
flytrap,5
shine,5
bun,5
ocean,5
manager,5
shift,5
breeder,5
lifetime,5
angle,5
weaker,5
mousse,5
intent,5
cocktail,5
bustelo,5
labrador,5
kale,5
illinois,5
let,5
folger,5
rind,5
unsure,5
gfcf,5
allergen,5
flavorful,5
w,5
necessity,5
toilet,5
resemblance,5
evoo,5
clue,5
chicory,5
burning,5
slip,5
foot,5
cousin,5
craft,5
juniper,5
yr.,5
curiosity,5
testing,5
bichon,5
distraction,5
fowl,5
fee,5
student,5
potent,5
tootsie,5
conjunction,5
roasting,5
oil/spice,5
barista,5
bulky,5
cerelac,5
grip,5
practice,5
sheltie,5
flu,5
partner,5
whatsoever,5
pattern,5
anymore,5
flat,5
shipper,5
butterscotch,5
lee,5
eatery,5
spiciness,5
cornmeal,5
twig,5
jiff,5
bonomo,5
closer,5
ill,5
suit,5
mexican,5
plantation,5
bladder,5
prone,5
development,5
nyc,5
tierra,5
toothbrush,5
petite,5
stimulation,5
busy,5
advertisement,5
reference,5
irritation,5
carba,5
russel,5
yo,5
wound,5
zinger,5
bambino,5
mio,5
hickory,5
stamp,4
veterinarian,4
s/h,4
described,4
brine,4
raw,4
binder,4
rain,4
crash,4
portability,4
processor,4
steal,4
distribution,4
herr,4
backyard,4
tx,4
opposite,4
porch,4
boxed,4
foray,4
journal,4
existent,4
waistline,4
teavana,4
smokiness,4
fructose,4
harsh,4
saltiness,4
autumn,4
gingerbread,4
decoration,4
ghirardelli,4
bi,4
aluminum,4
hammer,4
roaster,4
jewel,4
lotion,4
ad,4
influence,4
babka,4
best,4
somebody,4
dutch,4
snob,4
exterior,4
lick,4
status,4
hotness,4
spectrum,4
discovery,4
sm,4
beautiful,4
grab,4
breakdown,4
doritos,4
didnt,4
parmessan,4
intact,4
regime,4
fair,4
fraction,4
incentive,4
hike,4
flipside,4
flip,4
reach,4
cd,4
insane,4
contact,4
goji,4
alike,4
glob,4
east,4
ersatz,4
prompt,4
stretch,4
disclosure,4
ish,4
express,4
versus,4
drunk,4
quenching,4
route,4
regiment,4
fishy,4
nutrient,4
producer,4
bouquet,4
syrupy,4
mainstream,4
hull,4
maine,4
low,4
presence,4
esspresso,4
decaffeination,4
stain,4
washing,4
corral,4
brush,4
replica,4
wrigley,4
prevention,4
sweat,4
niche,4
garage,4
ethiopian,4
fake,4
sludge,4
gunk,4
mackerel,4
compartment,4
either,4
margin,4
molecule,4
bye,4
itchy,4
wash,4
perfume,4
rash,4
dogfood,4
absence,4
chlorophyll,4
driver,4
period.,4
connection,4
condenser,4
bisquik,4
slimy,4
window,4
sniff,4
endorsement,4
thousand,4
eskimo,4
halo,4
switchover,4
cruelty,4
adjustment,4
sleepytime,4
gravity,4
lineup,4
parent,4
bon,4
flesh,4
coach,4
marvel,4
citron,4
tupperware,4
vomit,4
key,4
wad,4
industry,4
glycol,4
anybody,4
jif,4
estate,4
astringent,4
moldy,4
bourbon,4
seattle,4
drugstore,4
pa,4
karma,4
hotter,4
slab,4
sake,4
thanksgiving,4
cloudberry,4
guest,4
saw,4
risotto,4
dan,4
bouche,4
read,4
hurt,4
blast,4
fussy,4
marketplace,4
handling,4
consistent,4
bike,4
truth,4
huh,4
regardless,4
oj,4
fizz,4
squeeze,4
dare,4
recovery,4
breeze,4
secure,4
apparatus,4
joint,4
rim,4
flow,4
waxy,4
text,4
bitty,4
emerald,4
compound,4
jr,4
hyper,4
runa,4
clearance,4
vue,4
lager,4
nj,4
glucose,4
proportion,4
prime,4
catch,4
breastmilk,4
virus,4
truly,4
wolfgang,4
foodie,4
teabag,4
approx,4
income,4
arm,4
burr,4
tazo,4
medley,4
hairball,4
lightning,4
norm,4
saute,4
tenderness,4
resistance,4
d'oro,4
esque,4
uk,4
pencil,4
allotment,4
puffy,4
chorus,4
vermont,4
birch,4
amino,4
octane,4
itching,4
usps,4
rda,4
ideal,4
spending,4
lease,4
eu,4
attribute,4
sin,4
crunchiness,4
fedex,4
therefore,4
meld,4
filet,4
montana,4
knock,4
recourse,4
brandy,4
flag,4
butt,4
shirt,4
superfood,4
chipotle,4
bamboo,4
mediocre,4
flight,4
robust,4
branding,4
prima,4
shirataki,4
fettuccine,4
teeny,4
zinc,4
chin,4
rubbery,4
sprouting,4
article,4
sugarless,4
voice,4
milkbone,4
hard,4
pair,4
sawdust,4
maltese,4
coincidence,4
buildup,4
au,4
assessment,4
del,4
highland,4
chewiness,4
whenever,4
logo,4
g.,4
prospect,4
arizona,4
hungry,4
urge,4
thin,4
regular,4
preservative,4
keeper,4
nd,4
lavendar,4
dolce,4
firmer,4
margarine,4
mr.,4
relaxing,4
breathing,4
shiney,4
frog,4
urine,4
azteca,4
resource,4
reg,4
grow,4
drainage,4
killer,4
kat,4
undernote,4
dickason,4
aloe,4
mobility,4
province,4
lungo,4
mincemeat,4
italian,4
cocaine,4
dal,4
isnt,4
video,4
albacore,4
ridge,4
crockpot,4
blair,4
creama,4
madhava,4
multigrain,4
judge,4
bt,4
supervision,4
lacking,4
gerd,4
cystitis,4
peppercorn,4
lickin,4
formaldehyde,4
sage,4
breadcrumb,4
twice,4
ziwipeak,4
carbquik,4
writeup,4
blandness,4
munchkin,4
salami,4
gristle,4
huckleberry,4
sorrel,4
theatre,4
chebe,4
champion,4
wat,4
chlorhexidine,4
hextra,4
vitality,3
baggie,3
mccann,3
cramp,3
agile,3
heating,3
frozen,3
junkie,3
coca,3
stuffer,3
ribbon,3
ethos,3
aunt,3
vega,3
tolerance,3
cornucopia,3
rejuvenate,3
shorthair,3
ml,3
void,3
plocky,3
dragon,3
centerpiece,3
acai,3
paperboard,3
recipient,3
closure,3
bummer,3
construction,3
mailbox,3
begs,3
shaking,3
dallas,3
michigan,3
barrel,3
metallic,3
r.,3
january,3
toll,3
reminder,3
wizard,3
underneath,3
poultry,3
valentine,3
insulin,3
aftertase,3
spa,3
rica,3
luster,3
cauliflower,3
region,3
receipt,3
pediatrician,3
ozs,3
alley,3
harmony,3
wegman,3
marathon,3
chalk,3
sampling,3
swap,3
believer,3
repeat,3
vending,3
lip,3
oprah,3
parsley,3
thyme,3
disapointment,3
pin,3
belgium,3
cinammon,3
sunday,3
pesticide,3
doc,3
constancy,3
relish,3
flap,3
potential,3
favs,3
gevalia,3
reminiscent,3
hardness,3
taster,3
cream/sugar,3
meyer,3
acne,3
lung,3
infestation,3
dioxin,3
grinding,3
gravel,3
lt,3
exposure,3
un,3
choking,3
praise,3
smokehouse,3
gnc,3
carrier,3
thirsty,3
sheepdog,3
extent,3
tribute,3
accessory,3
replacer,3
davis,3
whammy,3
purity,3
breadmaker,3
tap,3
beast,3
handmade,3
blessing,3
grove,3
kuerig,3
fool,3
mechanism,3
bam,3
calf,3
se,3
remember,3
gsd,3
shure,3
original,3
panda,3
el,3
emergency,3
goya,3
insanity,3
closet,3
reality,3
fork,3
fitting,3
masterpiece,3
cord,3
software,3
channel,3
microphone,3
monkey,3
camcorder,3
invention,3
crispness,3
host,3
shortening,3
magazine,3
battle,3
craze,3
buckwheat,3
celiacs,3
counterpart,3
sonoma,3
oh,3
wooden,3
anticipation,3
coffeehouse,3
screen,3
bare,3
foundation,3
shiny,3
bouncy,3
clock,3
scratching,3
laboratory,3
boston,3
asin,3
carboy,3
wholesome,3
swill,3
dingo,3
grandchild,3
knuckle,3
folk,3
dulce,3
avail,3
louisiana,3
contrast,3
hill,3
spec,3
enhancement,3
hunk,3
tuscany,3
goop,3
variance,3
lightness,3
hay,3
zipper,3
postage,3
russian,3
trout,3
plunge,3
tourangelle,3
chair,3
omg,3
bleeding,3
crock,3
brat,3
froth,3
cache,3
bond,3
groom,3
fresca,3
cleaner,3
grizzle,3
tight,3
platter,3
soooo,3
artificial,3
hesitation,3
fad,3
refreshment,3
differance,3
screwdriver,3
together,3
vibrant,3
peel,3
meduim,3
labor,3
tag,3
amaranth,3
annoyance,3
subject,3
score,3
attraction,3
yay,3
harina,3
calming,3
injury,3
venus,3
nursery,3
pad,3
polenta,3
countless,3
camp,3
ramyun,3
lavor,3
protection,3
caf,3
ie,3
mayonaise,3
morinu,3
disadvantage,3
yet,3
dd,3
nod,3
descript,3
corny,3
spurt,3
cloth,3
regard,3
gaggia,3
walker,3
laxative,3
faulty,3
amy,3
mash,3
trunk,3
war,3
chemo,3
forest,3
cone,3
becuase,3
priority,3
jittery,3
l,3
timing,3
spicier,3
asthma,3
variant,3
humidity,3
arrangement,3
rave,3
gyro,3
quanity,3
cheez,3
f.,3
sponge,3
godsend,3
verdict,3
ulcer,3
rosemary,3
ripe,3
freak,3
comsumption,3
cleanse,3
replenishment,3
tee,3
footprint,3
wall,3
homework,3
build,3
paint,3
disturbance,3
akita,3
glucosamine,3
perk,3
grin,3
september,3
momma,3
harissa,3
pinto,3
bahlsen,3
floury,3
sell,3
woody,3
dab,3
jrt,3
teacher,3
bandito,3
wary,3
dexter,3
competitor,3
thing.,3
dermatologist,3
dh,3
classique,3
fanatic,3
wear,3
capsule,3
scare,3
dishwasher,3
short=hair,3
cavender,3
leathery,3
wonder,3
backpack,3
wattage,3
fryer,3
olive,3
potency,3
maxwell,3
capacity,3
denser,3
mallet,3
sounding,3
wrestler,3
hound,3
threat,3
lhasa,3
vice,3
examination,3
altitude,3
address,3
ebeb,3
defect,3
picnic,3
cheerio,3
phone,3
dermatitis,3
drier,3
inconsistent,3
scotland,3
torture,3
arrive,3
portland,3
chile,3
warmth,3
cello,3
mush,3
anyhow,3
liege,3
sufferer,3
sooner,3
coughing,3
eco,3
youtube,3
nutella,3
grater,3
universe,3
maldon,3
clay,3
smidge,3
gro,3
potting,3
pinnacle,3
infuser,3
stiffness,3
celsius,3
syringe,3
healthwise,3
foam,3
isle,3
jellybean,3
sore,3
horehound,3
branch,3
rio,3
torani,3
glucosmine,3
baird,3
slimfast,3
furniture,3
correct,3
doggy,3
wallet,3
knot,3
theory,3
goldendoodle,3
march,3
barry,3
sacrifice,3
shoe,3
made,3
claimed,3
gripe,3
netrition,3
jean,3
standby,3
baklawa,3
baklava,3
vinagrette,3
oval,3
enzyme,3
chuck,3
master,3
divider,3
worthington,3
lindt,3
stanky,3
milo,3
carnival,3
dainty,3
tolerant,3
pixy,3
saucisson,3
tommy,3
layout,3
itms,3
teeter,3
echinacea,3
xango,3
orchard,3
retiever,3
discoloration,3
him/her,3
anti,3
pirate,3
'bitter,3
bleed,3
voucher,3
dalfour,3
cowboy,3
barbaque,3
platinum,2
bound,2
j.,2
pellet,2
cast,2
athlete,2
esp,2
cramping,2
chocolate/orange,2
approval,2
clove,2
innova,2
packer,2
gem,2
nap,2
oldest,2
wu,2
flake,2
yerba,2
rotel,2
uplift,2
fatigue,2
sundae,2
coffeemate,2
beating,2
omelet,2
cakester,2
amos,2
markup,2
vegetable,2
trademark,2
pucker,2
pairing,2
giant,2
obsession,2
sharpness,2
chemistry,2
aversion,2
taiwan,2
integrity,2
whitman,2
imho,2
ginseng,2
convention,2
asia,2
furry,2
lentil,2
steam,2
dining,2
investigation,2
rootbeer,2
classic,2
sucker,2
mueslix,2
machinery,2
lard,2
mailing,2
ban,2
cha,2
americolor,2
rainbow,2
butcher,2
tater,2
goodie,2
bait,2
criollo,2
saquin,2
hdl,2
inspite,2
dilute,2
goodbye,2
ticket,2
luxury,2
tastey,2
lunchfood,2
tar,2
mall,2
suprise,2
binge,2
turtle,2
takeout,2
zon,2
band,2
bf,2
reoccurring,2
excess,2
munchos,2
talk,2
alone,2
calories/fat,2
conclusion,2
ripoff,2
leakage,2
fragile,2
sue,2
unique,2
iodine,2
atleast,2
reader,2
execution,2
skinny,2
rehydration,2
oversight,2
brainer,2
workplace,2
brighter,2
fattoush,2
announcement,2
cento,2
dop,2
advance,2
advil,2
decrease,2
lord,2
filipino,2
carte,2
avoid,2
blah,2
pina,2
importance,2
indonesia,2
gm,2
insecticide,2
evidence,2
coleman,2
powerhouse,2
toaster,2
mrs.,2
backpacking,2
digestive,2
linguine,2
darjeeling,2
junky,2
meringue,2
summertime,2
sourcing,2
yoga,2
scene,2
hooray,2
existence,2
guesswork,2
bella,2
longevity,2
chutney,2
glutamate,2
size/shape,2
tension,2
pasture,2
flaxseed,2
verona,2
novice,2
roommate,2
speciality,2
pupose,2
suger,2
prize,2
ahoy,2
cigar,2
high,2
escape,2
nation,2
chilli,2
garnish,2
basmati,2
finland,2
rj,2
jan.,2
edit,2
bht,2
ingrediant,2
carnation,2
zupas,2
coarse,2
studio,2
input,2
music,2
acquaintance,2
xlr,2
port,2
adapter,2
lo,2
found,2
cobbler,2
ask,2
inced,2
snicker,2
mcdonald,2
dorm,2
az,2
saucer,2
judgement,2
lunchtime,2
darkness,2
sunset,2
headway,2
alfredo,2
crunch.,2
nacho,2
pekoe,2
organix,2
ibs,2
tuesday,2
charity,2
rex,2
output,2
buster,2
puppy/dog,2
fancy,2
rainforest,2
insert,2
culturelle,2
polyester,2
campbell,2
soak,2
muslim,2
apprehensive,2
tincture,2
argentina,2
monte,2
inclusion,2
lawn,2
random,2
communication,2
ki,2
myth,2
cohesiveness,2
maltodextrin,2
loa,2
crostini,2
wasa,2
cucumber,2
lucini,2
mccormick,2
tiki,2
oolong,2
stone,2
reluctant,2
crispiness,2
overnight,2
rico,2
catfood,2
qualification,2
working,2
burp,2
nausea,2
gulp,2
lait,2
hemoglobin,2
klein,2
creator,2
worthy,2
pr,2
puerto,2
nope,2
yawn,2
valerian,2
graduation,2
colour,2
tissue,2
caught,2
free/egg,2
debbie,2
sticky,2
gu,2
hiker,2
slew,2
aspirin,2
acacia,2
crush,2
alternate,2
skunk,2
author,2
sunkist,2
buzz,2
orangina,2
lukewarm,2
agreement,2
lift,2
pelligrino,2
approximation,2
ekobrew,2
coarseness,2
pluck,2
lever,2
die,2
photograph,2
education,2
convienent,2
poper,2
flavacol,2
chart,2
gelato,2
oameal,2
offal,2
guayasa,2
kurig,2
dme,2
preserve,2
spreading,2
nespresso,2
annie,2
roof,2
retrieve,2
instruction,2
scalp,2
meyenberg,2
breastfeeding,2
hanover,2
gorgonzola,2
veg,2
smash,2
rich/creamy,2
advertizing,2
arcata,2
bb,2
muscle,2
column,2
petstore,2
quai,2
letter,2
danger,2
kentucky,2
kuna,2
horizon,2
scarcity,2
humane,2
gang,2
walking,2
mt,2
shoppe,2
land,2
wp,2
kopi,2
complain,2
amzon,2
mighty,2
misconception,2
dilmah,2
stabilizer,2
wholesale,2
progresso,2
coffee.,2
fluke,2
musty,2
cairn,2
brushtail,2
philosophy,2
session,2
paris,2
hydrating,2
rhythm,2
instance,2
jumbo,2
cloud,2
cider,2
cocolate,2
bunny,2
godiva,2
macaroon,2
wallop,2
pooping,2
absorption,2
latter,2
stray,2
tour,2
poof,2
puffed,2
nutritionist,2
excitotoxin,2
munching,2
melon,2
pile,2
consensus,2
casein,2
annoying,2
tomatoey,2
pharmacy,2
lie,2
sickness,2
skeptic,2
goood,2
formation,2
composition,2
ghost,2
inducing,2
ohio,2
maui,2
kirkland,2
watcher,2
swan,2
obedience,2
st.,2
africa,2
meijer,2
porcini,2
monday,2
eagle,2
haha,2
himalayan,2
heaviness,2
treasure,2
puncture,2
beat,2
delaware,2
reservoir,2
skid,2
sunlight,2
joann,2
overprice,2
tastless,2
entry,2
intimidating,2
dusting,2
bias,2
thats,2
critter,2
feb,2
condroitin,2
chondroitin,2
yes,2
dec.,2
frise,2
origin,2
neosure,2
insulation,2
appear,2
indulgent,2
better,2
moister,2
bukhara,2
hi,2
speedy,2
obesity,2
worm,2
wintergreen,2
firmament,2
oooh,2
tim,2
hempshake,2
experiance,2
offspring,2
lumpy,2
va,2
colleague,2
rwandan,2
gon,2
slight,2
fitness,2
definite,2
exchange,2
cuba,2
hippie,2
genius,2
silicone,2
beaba,2
mojito,2
fungus,2
flowery,2
nylabone,2
code,2
dealer,2
stubble,2
zaxby,2
jerkey,2
bead,2
sno,2
earthiness,2
bartolini,2
helper,2
blanket,2
scoring,2
perforation,2
expression,2
snout,2
coonhound,2
command,2
belt,2
assistance,2
russell,2
banjo,2
wilderness,2
rudi,2
candle,2
crouton,2
fennel,2
florist,2
yucky,2
dimension,2
leash,2
detail,2
contest,2
applesauce,2
zesty,2
purist,2
chapter,2
premade,2
mucus,2
disguise,2
courage,2
time.,2
moistness,2
griddle,2
tennessee,2
wiener,2
lulu,2
reinforcement,2
ana,2
bargin,2
november,2
cheeto,2
fiend,2
cumin,2
twenty,2
cannister,2
soggy,2
pak,2
b.,2
lifesource,2
parmesan,2
cup/bowl,2
format,2
vietnam,2
trung,2
snack/meal,2
moka,2
ex,2
kaviar,2
stout,2
cheesecloth,2
shut,2
oomph,2
colorado,2
station,2
moose,2
interpretation,2
consistant,2
blog,2
babe,2
capp,2
lemony,2
multitude,2
preschooler,2
downfall,2
fat/full,2
peter,2
creamier,2
measurement,2
containing,2
maltiness,2
challenging,2
fleur,2
sulphur,2
violet,2
lil,2
britain,2
suppliment,2
pupcake,2
sweetheart,2
caretaker,2
bright,2
gray,2
commodity,2
thermometer,2
invasion,2
continue,2
policy,2
glowing,2
diaherra,2
flatulence,2
patio,2
charm,2
spouse,2
tank,2
sender,2
foliage,2
cesar,2
sf,2
hazlenut,2
timid,2
awful,2
clumping,2
bo,2
medicinal,2
temple,2
brie,2
dunking,2
county,2
useless,2
chewed,2
bedroom,2
gnawing,2
brushing,2
noticing,2
lg,2
breath/teeth,2
harm,2
tougher,2
fray,2
weapon,2
premier,2
med/large,2
loading,2
wobbler,2
tennis,2
squirrel,2
tobias,2
drool,2
tile,2
savior,2
put,2
toy/food,2
greyhound/lab/shephard,2
deluxe,2
diff,2
guarani,2
chais,2
leary,2
spite,2
rafael,2
checking,2
cheapie,2
giveaway,2
afterbite,2
mud,2
harry,2
udi,2
husk,2
hen,2
mononitrate,2
retro,2
marrow,2
aribica,2
washington,2
pizzazz,2
vision,2
authority,2
goooood,2
inus,2
nonetheless,2
kyjen,2
boredom,2
slacker,2
panini,2
mnc,2
nester,2
throw,2
benson,2
bursting,2
carcinogenic,2
bologna,2
jon,2
blackstrap,2
havanese,2
dryness,2
tadka,2
choo,2
bm,2
acting,2
debris,2
act,2
dolmas,2
mintiness,2
eeyore,2
backing,2
harney,2
chorizo,2
cuban,2
association,2
stollen,2
smartie,2
hero,2
dietry,2
cylinder,2
teleportation,2
hospitality,2
bengal,2
amedei,2
gasmart,2
tranquil,2
heavy,2
funky,2
ruffage,2
measuring,2
snappack,2
ware,2
reviws,2
zimmern,2
witch,2
menthol,2
shoo,2
detoxifier,2
supermix,2
/sugar,2
pureed,2
cinch,2
fireball,2
kopali,2
silence,2
oral,2
verry,2
tan/sand,2
coil,2
freaky,2
purrz,2
chewie,2
parkway,2
honeybush,2
cardemom,2
calyx,2
chewy/tangy,2
vainy,2
dek,2
mum,1
gluey,1
tastier,1
bloody,1
nirvana,1
brunch,1
lowfat,1
chilihead,1
allot,1
ricore,1
relaxation,1
mask,1
ganocafe,1
hagen,1
altoid,1
hue,1
appetizer,1
versatile,1
wag,1
healty,1
guayaki,1
sleepy,1
llasa,1
wk,1
turbinado,1
downhill,1
yike,1
fibromyalgia,1
fail,1
stocking,1
nail,1
nantucket,1
kensington,1
porcinis,1
pinot,1
beckham,1
meaning,1
zack,1
russet,1
standpoint,1
uniformity,1
mousie,1
alabama,1
wit,1
safflower,1
u.,1
cod,1
roy,1
vernor,1
peper,1
sharing,1
spam,1
envelop,1
radiation,1
disclaimer,1
gun,1
martin,1
suck,1
cadbury,1
theri,1
mi,1
charming,1
anime,1
arriving,1
melting,1
interior,1
fa,1
closest,1
era,1
beaten,1
foremost,1
deeper,1
sassafras,1
robbery,1
assumption,1
chihuhua,1
deer,1
topic,1
jeremiah,1
eve,1
riba,1
division,1
digest,1
slender,1
stripe,1
inconvenience,1
nasal,1
marriage,1
tune,1
sux,1
fiesta,1
houston,1
ma,1
biscottis,1
tarragon,1
liberty,1
strvia,1
tictac,1
swanson,1
healthfood,1
rancidity,1
compleat,1
ripest,1
margherita,1
iraq,1
reply,1
seperate,1
colitis,1
lemon/lime,1
lion,1
chinatown,1
porty,1
amazement,1
nugget,1
connor,1
salt/vinegar,1
payoff,1
hoo,1
toss,1
jalepemo,1
weight/health,1
spitting,1
glove,1
plethora,1
munchie,1
sill,1
hoopla,1
barbecuing,1
ewwwwww,1
colors.,1
@,1
twang,1
ww,1
efficient,1
dope,1
productivity,1
third,1
skepticism,1
slimey,1
mary,1
trace,1
watch,1
highlight,1
rob,1
resturant,1
lane,1
seasame,1
v.,1
choline,1
booster,1
nephew,1
maca,1
hospitalization,1
bg,1
longing,1
satay,1
tenderizer,1
puchase,1
confusion,1
salt/sugar,1
d.,1
hollywood,1
patty,1
cinnamony,1
makeover,1
pith,1
nerve,1
dhall,1
depressant,1
amoung,1
gravitate,1
eb,1
vit,1
oxident,1
mismanagement,1
tend,1
supplementation,1
around,1
snapple,1
copper,1
spree,1
tastiest,1
mr,1
judgment,1
jolly,1
characteristic,1
qulity,1
moon,1
negative,1
sticker,1
sheph,1
electrolyte,1
hoping,1
deficiency,1
ethylene,1
aging,1
shudder,1
subsitute,1
restroom,1
streisand,1
airplane,1
dedication,1
scheme,1
mochi,1
shy,1
fluid,1
heirloom,1
wint,1
summit,1
bodybuilder,1
fencing,1
charger,1
energizer,1
millay,1
grazing,1
cordura,1
matte,1
fluff,1
ilness,1
ayurvedic,1
revelation,1
desperation,1
bad.,1
basic,1
blade,1
bumblebee,1
cocker/standard,1
elite,1
cfh,1
doesnt,1
series,1
avid,1
cleanup,1
choco,1
friendly,1
midnight,1
gal,1
candymaker,1
eden,1
iams,1
retreiver,1
rough,1
frig,1
investigating,1
bile,1
dippin,1
sriracha,1
bulghour,1
baste,1
abor,1
hype,1
valdez,1
decker,1
double,1
inventory,1
penrose,1
pa.,1
modulate,1
freight,1
colossal,1
suds,1
moisturizer,1
brood,1
quite,1
horton,1
crumbiness,1
regret,1
niece,1
hum,1
wherever,1
bluebird,1
home/room,1
signal,1
touchy,1
headphone,1
reliability,1
connector,1
hub,1
pro,1
loud,1
cable,1
gizmo,1
lag,1
tech,1
appreciate,1
'substitution,1
sclerosis,1
enought,1
glutin,1
bisquit,1
pillsbury,1
morgue,1
corsage,1
cacoa,1
'bit,1
celophane,1
riviera,1
spiky,1
sb,1
property,1
stomache,1
parm,1
simpler,1
velvet,1
slaughtering,1
ouncer,1
pomeranian,1
abandon,1
princess,1
yorkshire,1
incident,1
waowi,1
stroll,1
balanced,1
objection,1
streaking,1
tzus,1
mite,1
fakeness,1
poisoning,1
convienence,1
candybar,1
hazel,1
excelencia,1
yelp,1
sudafed,1
hr,1
alertness,1
heatwave,1
certainty,1
shihpoo,1
technology,1
goddess,1
alpine,1
levas,1
lipil,1
johnson,1
enfamil,1
pk,1
cocunut,1
caloreis,1
leche,1
versatility,1
bombilla,1
rotation,1
edmund,1
alliance,1
wave,1
germination,1
freshener,1
constant,1
explosion,1
surge,1
realm,1
ringer,1
queasy,1
ya,1
light/medium,1
kaldi,1
floral,1
comparative,1
pool,1
piping,1
transport,1
fodant,1
relation,1
mb,1
jell,1
gravey,1
hash,1
astringency,1
reddish,1
republic,1
faery,1
supple,1
wrapped,1
justice,1
descent,1
jose,1
tannic,1
sludgy,1
empty,1
sauteeing,1
kracker,1
mascarpone,1
sara,1
eats,1
oats/steel,1
supervisor,1
lizano,1
pixie,1
transplant,1
strain,1
fermentation,1
airport,1
worst,1
rigth,1
crackle,1
cavalier,1
pat,1
hurricane,1
dave,1
spout,1
abut,1
fungal,1
gathering,1
choclate,1
atlanta,1
flush,1
carnaroli,1
chopped,1
cheating,1
forth,1
kg,1
relationship,1
cement,1
absolute,1
jac,1
grace,1
excitedness,1
baggy,1
nourishment,1
leeway,1
mimosa,1
lifting,1
facet,1
hcfs,1
it~~the,1
habbit,1
orange/tangerine,1
carry,1
geyser,1
nonsense,1
appletiser,1
pleasent,1
alterative,1
orangey,1
disposakups,1
disposakup,1
click,1
courser,1
keuring,1
quicker,1
orginal,1
disposacup,1
spain,1
entomologist,1
preservation,1
audience,1
staleness,1
regale,1
exaggeration,1
helpful,1
millet,1
presto,1
maximum,1
supper,1
artisan,1
guayusa,1
welll,1
focus,1
ballet,1
adjunct,1
google,1
painting,1
english,1
twix,1
expire,1
zhena,1
nursing,1
butternut,1
primitive,1
shepherd/aussie,1
newspaper,1
towel,1
overtime,1
gamey,1
galore,1
belly,1
eczema,1
clumpy,1
lactose,1
creamery,1
causaban,1
yummmy,1
mare,1
additives/feed,1
rbgh,1
grandbaby,1
sec,1
definate,1
sum,1
morningstar,1
meatless,1
storm,1
koffee,1
thyroid,1
daugther,1
boat,1
funnel,1
sugar/carbs,1
robb,1
particulate,1
sink,1
deco,1
downward,1
connecticut,1
clasico,1
brewed,1
pac,1
request,1
starting,1
cage,1
greta,1
winston,1
observation,1
april,1
ace,1
zotz,1
llc,1
bloom,1
tom,1
staler,1
ash/magnesium,1
gentleman,1
acetate,1
roulette,1
sorrento,1
brash,1
coconut/vanilla,1
payment,1
free,1
gap,1
wolf,1
francaise,1
fruitiness,1
radar,1
smack,1
mountian,1
cappacino,1
fr,1
kcups,1
slate,1
opend,1
serration,1
wage,1
agar,1
okra,1
rillette,1
boiling,1
gouging,1
reflection,1
prowl,1
thier,1
capresso,1
circle,1
bib,1
damn,1
schnoodle,1
w.,1
vienna,1
damson,1
sprite,1
eason,1
bluemonkey,1
zico,1
animation,1
surrogate,1
bride,1
buttercream,1
luwak,1
transformation,1
become,1
cloying,1
writing,1
wing,1
patch,1
grigio,1
tripping,1
powerade,1
ovaltine,1
rasp,1
amaretto,1
soymilk,1
thumbnail,1
grittiness,1
sixt,1
wonderfully,1
truvia,1
nib,1
lecithin,1
bobas,1
promplty,1
thickener,1
como,1
havoc,1
dawn,1
petersburg,1
misinformation,1
formular,1
usda,1
hexane,1
tonic,1
emperor,1
bite.,1
mtn,1
chesse,1
amout,1
disgusting,1
cellophane,1
charcoal,1
compensate,1
lowrey,1
crackln,1
techie,1
watt,1
puffie,1
security,1
shrink,1
downright,1
vixen,1
stargazer,1
speech,1
pint,1
bouqet,1
breville,1
stevita,1
livercare,1
frequent,1
restaurants/pizzarias,1
walla,1
starchy,1
pacakge,1
gla,1
msrp,1
proetein,1
devil,1
agent,1
lozenge,1
spider,1
burden,1
wiskas,1
meeting,1
disbelief,1
nutty,1
fnb,1
management,1
curb,1
tinker,1
loose,1
affordable/quality,1
dogg,1
math,1
juan,1
bold.,1
lettering,1
int,1
bikini,1
sanity,1
fresher,1
komi,1
proponent,1
purchasng,1
marie,1
afghanistan,1
shroomy,1
skim,1
fluoride,1
faster,1
minerality,1
mustang,1
kite,1
aruba,1
angora,1
fragrant,1
george,1
detour,1
survey,1
enamel,1
decadence,1
commonwealth,1
deliver,1
clutter,1
bearing,1
countertop,1
revolving,1
inconvenient,1
rear,1
flimsy,1
amozon,1
creation,1
kithen,1
vile,1
bus,1
day/lifestyle,1
erin,1
toasty,1
saturday,1
mode,1
guide,1
intro,1
marker,1
developed,1
columbia,1
creature,1
schipperke,1
inc.,1
oldie,1
stringy,1
lab/springer,1
efficacy,1
dogswellï¿½,1
wf,1
biopsy,1
apartment,1
pastrami,1
euryale,1
greek,1
berkeley,1
qualm,1
vanilla/cinnamon,1
kung,1
archway,1
scotch,1
preground,1
biscuit/treat,1
lah,1
shadow,1
cleanser,1
mia,1
ann,1
strike,1
respect,1
foodist,1
primo,1
astronaut,1
quail,1
kheer,1
sourness,1
l.,1
guard,1
peanutty,1
glee,1
runner,1
inulin,1
treacle,1
californian,1
resident,1
rigueur,1
merlot,1
twin,1
qualify,1
surgeon,1
pastorelli,1
niederegger,1
lubeck,1
refer,1
pounder,1
fenugreek,1
designer,1
demanding,1
symphony,1
salesperson,1
accordance,1
columbian,1
liqueur,1
simmer,1
putter,1
waaaay,1
refridgerator,1
refridgeration,1
efect,1
mccoy,1
w/the,1
w/a,1
gingerale,1
cutting,1
seedling,1
pm,1
wheaten,1
melty,1
hence,1
haldiram,1
meeta,1
kolkata,1
satisfy,1
regimend,1
victoria,1
mahal,1
curve,1
lifesaver,1
puffy/fluffy,1
chamber,1
fixture,1
nom,1
apology,1
polar,1
earthy,1
taint,1
mentality,1
unappealing,1
hardtack,1
triscuit,1
kelpie,1
thee,1
cleanliness,1
sniffing,1
crunching,1
flavor/scent,1
toys/bones/rawhide,1
attractiveness,1
jawed,1
aniamls,1
puzzled,1
zazu,1
haircut,1
uninteresting,1
indy,1
setter,1
larva,1
rectangular,1
wagging,1
reception,1
pastey,1
shippment,1
texture/,1
durability,1
intimadating,1
coop,1
withdrawal,1
decline,1
explode,1
acidic,1
benefiber,1
nurturme,1
plum/happybaby,1
pic,1
dunno,1
manuka,1
winery,1
grader,1
later,1
gluten/wheat,1
snapper,1
chestnut,1
rebate,1
sauteed,1
receipe,1
dendrobium,1
montage,1
prudhomme,1
verjuice,1
blanc,1
dormancy,1
wind,1
clarity,1
smart,1
crf,1
reverse,1
coon,1
calbee,1
whop,1
luna,1
phobic,1
afterward,1
episode,1
fiber/protein,1
downer,1
softness,1
fellow,1
afterschool,1
hollow,1
testament,1
graininess,1
ihop,1
extreme,1
idiot,1
favourite,1
carnivore,1
stimulant,1
healthful,1
stranger,1
nub,1
havapoo,1
crumbling,1
yoo,1
pricer,1
covering,1
understanding,1
creole,1
scarring,1
iowa,1
spackle,1
baconaise,1
kennel,1
palatability,1
amarillo,1
inner,1
okinawa,1
barbara,1
north,1
citizen,1
ldl,1
anywhere,1
carbing,1
technician,1
planning,1
southwest,1
tony,1
engagement,1
rubbage,1
cookware,1
boylan,1
sugar/cream,1
tomato/basil,1
nuttiness,1
brand/flavor,1
gr,1
tulip,1
'chip,1
submarine,1
guatemalan,1
ding,1
raviolo,1
intenso,1
spoonfull,1
addictive,1
reformulation,1
beeswax,1
froose,1
ric,1
lazy,1
kaimal,1
auf,1
engine,1
nostalgia,1
carbo,1
zojirushi,1
oskri,1
stim,1
actuality,1
turf,1
petmate,1
supersaver,1
circus,1
organinc,1
deidrich,1
m.,1
whisk,1
accent,1
herbes,1
inhaler,1
certificate,1
bodum,1
vallarta,1
paul,1
weeknight,1
surgar,1
lecithin/lecithinan,1
fat/calorie,1
peanuty,1
texture/taste,1
guidance,1
arsenal,1
accompainment,1
fancier,1
dissapointment,1
color.,1
viscosity,1
singe,1
teasan,1
krisps,1
descriotion,1
flea,1
parchment,1
beet,1
concert,1
reservation,1
insufficiency,1
fart,1
october,1
chose,1
ceylon,1
teeli,1
phase,1
daddy,1
slow,1
misery,1
shepherd/rotty,1
siberian,1
sprint,1
doberman,1
pt,1
chewability,1
conditioner,1
sheen,1
console,1
song,1
leader,1
bondage,1
gingery,1
teabags,1
describe,1
combat,1
redolence,1
ahing,1
bubbly,1
safer,1
branston,1
oversteeping,1
stopper,1
strategy,1
disappoint,1
americano,1
hollandaise,1
oct,1
gynec,1
mm,1
shorter,1
doneness,1
venture,1
court,1
kerala,1
'fusion,1
jewelry,1
network,1
zatarain,1
shep,1
gurgling,1
phillip,1
conissour,1
odorless,1
bloat,1
debate,1
loyal,1
vaccum,1
puggle,1
tomatoe,1
diversity,1
antying,1
thrill,1
ratatouille,1
farther,1
tot,1
chicknc,1
transformer,1
demise,1
warranty,1
whack,1
w/keurig,1
along,1
supersweet,1
dificult,1
reviewed,1
paupa,1
caff,1
brochure,1
bush,1
lou,1
windswept,1
harrogate,1
overdone,1
coffeeshop,1
david,1
itch,1
btw,1
cozy,1
tumblr,1
criticism,1
mim,1
detergent,1
mainland,1
sg,1
sause,1
scone,1
frozne,1
chicago,1
doubleshot,1
automatic,1
portafilter,1
ala,1
potion,1
scenario,1
croatia,1
entertaining,1
cockapoo,1
ignorance,1
ration,1
stroe,1
staring,1
iggy,1
hygene,1
testiment,1
shopper,1
owen,1
turner,1
mailer,1
neuritis,1
sweetie,1
doxie,1
frequency,1
qickly,1
pipette,1
preimer,1
buddie,1
'food,1
lab/boston,1
small/medium,1
liter,1
millennium,1
boomer,1
exit,1
shiba,1
quieter,1
noisy,1
grabber,1
missing,1
psyche,1
modification,1
awkward,1
intrest,1
hardwood,1
waggle,1
>,1
spitz,1
boredome,1
intelligence,1
'rope,1
nougat,1
fluffiness,1
scoff,1
yorker,1
lamaderm,1
brisket,1
phenomenon,1
h.,1
rinsing,1
caffiene,1
scallion,1
observer,1
romanoff,1
idk,1
dreaming,1
sumac,1
carrageenan,1
confit,1
fibre,1
principle,1
catnipmist,1
restaraunt,1
church,1
speak,1
respite,1
ginea,1
woodiness,1
toddy,1
tanginess,1
pleasing,1
adjective,1
evaluation,1
gastroesophageal,1
roundness,1
'lighter,1
tomorrow,1
franchise,1
thailand,1
goodman,1
faq,1
igredient,1
hahaha,1
pheasant,1
perception,1
circling,1
snb,1
panko,1
oldtimer,1
as,1
army,1
coverage,1
stron,1
spent,1
motto,1
frost,1
shitake,1
eligible,1
paycheck,1
gifts/thank,1
pollux,1
fondness,1
comply,1
vizsla,1
zp,1
accurate,1
clueless,1
beneful,1
carbquick,1
rasberry,1
slider,1
removal,1
cubby,1
rover,1
tryin,1
semolina,1
bullion,1
flavor.,1
heathwise,1
trancetto,1
cold/flu,1
pizzle,1
ouzo,1
caffe,1
stupor,1
valium,1
breakout,1
union,1
sichuan,1
atime,1
critic,1
sangria,1
teais,1
stubb,1
essay,1
cofee,1
calory,1
moulin,1
orangee,1
goblet,1
sap,1
margarita,1
booda,1
soupy,1
wyoming,1
quickness,1
habenero,1
o'berto,1
guatemala,1
sludgelike,1
blatant,1
melt,1
slaughter,1
purebreed,1
mackay,1
behmoor,1
red,1
orgeat,1
wisp,1
percolater,1
plane,1
scientist,1
flavor/texture,1
oscar,1
stubborness,1
close,1
chubbiness,1
replenisher,1
wussy,1
intensity,1
doga,1
thread,1
soyrizo,1
crud,1
mange,1
miami,1
martinelli,1
ryvita,1
asap,1
kili,1
spicing,1
milkman,1
yogourmet,1
yoghurt,1
yougurt,1
incubation,1
prettypartyplace,1
waterproof,1
tipple,1
highball,1
trickier,1
maltepom,1
roundup,1
omnivore,1
biscoff,1
cumbersome,1
expand,1
lime/minty,1
bellagio,1
controll,1
sopus,1
dealing,1
rite,1
biting,1
win/win,1
paragon,1
okry,1
goto,1
cheeky,1
purveyor,1
sailor,1
searching,1
sourdough,1
hampshire,1
cutout,1
gaufre,1
figaro,1
whang,1
destiny,1
inviting,1
library,1
careful,1
al,1
wakeup,1
alo,1
turning,1
loving,1
encounter,1
happyland,1
caolories/fat,1
scancal,1
'sensation,1
therapy,1
cake/frosting,1
rosette,1
nanny,1
ballpark,1
manna,1
maxi,1
princeton,1
northern,1
antique,1
dump,1
tri,1
drum,1
handfull,1
fundraiser,1
z.,1
brainwork,1
tahn,1
cather,1
threater,1
trolley,1
alright,1
salt/seasoning,1
virtue,1
yirgacheffe,1
emollient,1
queen,1
breadman,1
communion,1
painful,1
zante,1
prairie,1
springy,1
sheath,1
clear,1
thinkthin,1
pumkin,1
aftermath,1
propaganda,1
kellogg,1
gene,1
granny,1
kerug,1
lizzie,1
soup.,1
topper,1
tavern,1
hee,1
wharehouse,1
frother,1
olewo,1
inteligent,1
blossom,1
kalamata,1
leahey,1
glow,1
crisis,1
offseason,1
flushing,1
sobe,1
medic,1
sarsaparilla,1
invoice,1
ortega,1
'out,1
achy,1
pollen,1
boosting,1
dehydration,1
sendgraff,1
regularity,1
'pure,1
designation,1
coffeeduck,1
degradation,1
doubtful,1
colds/flus,1
necter,1
preferable,1
bid,1
ive,1
pomace,1
spin,1
overeat,1
barbequey,1
joey,1
taurine,1
snakc,1
gopher,1
oder,1
orbit,1
rhubarb,1
thereby,1
intervention,1
kleritea,1
licoricidin,1
infections.,1
arginine,1
turmeric,1
yuuummmyyy,1
kudos,1
fat/non,1
rag,1
occurrence,1
shoyu,1
colony,1
rat,1
shampoo,1
pbgv,1
elimination,1
ill.,1
ego,1
griffon,1
googling,1
sugarfree,1
gallery,1
pinoli,1
landaise,1
baffalo,1
cooked,1
howard,1
tomatillo,1
gyokuro,1
tulsi,1
crimson,1
hairy,1
struggling,1
kroger,1
filtro,1
gran,1
inhomogeneity,1
tought,1
sukhi,1
tequila,0
twizzler,0
confectionery,0
dolche,0
coffee/latte/cappuccino/etc,0
fructouse,0
mccanns,0
liquidy,0
art,0
kickin,0
bliss,0
balloon,0
gastronomy,0
housewarming/host,0
larger/smaller,0
'you,0
infact,0
safcol,0
streusel,0
lemos,0
auction,0
sucre,0
vitaminy,0
lololol,0
medicine/advil,0
freshening,0
compact,0
temperament,0
purchaser,0
ash,0
anchovy,0
wimpy,0
darjeerling,0
samovar,0
destroy,0
pledge,0
choosing,0
plack,0
calendar,0
sigh,0
engineer,0
gittery,0
suprema,0
chalet,0
artwork,0
peru,0
subsrcibe,0
stregnth,0
noir,0
cruz,0
here.,0
prevalent,0
flavor/brand,0
bsg,0
bleu,0
affinity,0
buffet,0
wardrobe,0
wisdom,0
hyperbole,0
storebrand,0
zapp,0
madhouse,0
mouse,0
potatoe,0
cruncy,0
spicyness,0
reporter,0
makeout,0
implement,0
absense,0
element,0
keith,0
pico,0
warming,0
hiding,0
longan,0
'butter,0
maintain,0
diggity,0
bj,0
bedbath,0
peasant,0
speculation,0
mickey,0
unfurl,0
chemist,0
digging,0
veryasia,0
biscuity,0
couldnt,0
pocky,0
chewyness,0
semblance,0
coaching,0
pavilion,0
gazillion,0
lapse,0
kellog,0
muesli,0
muselix,0
ceral,0
/box,0
monsanto,0
painless,0
prolific,0
steamroller,0
behind,0
award,0
mandarin,0
barbque,0
worse,0
burned/bottom,0
wikipedia,0
osmanthus,0
serving/cooking,0
sleeve,0
tetleys,0
line/manufacturer,0
stepfather,0
cuter,0
dixie,0
whipped,0
triffle,0
custard/pudding,0
biryani,0
chaos,0
daisy,0
cruchiness,0
settling,0
naturale,0
transparency,0
washy,0
groovy,0
fide,0
intoxicating,0
lipoprotein,0
'gourmet,0
days.,0
bubblegum,0
nustevia,0
tell,0
dissolving,0
dexterity,0
cavier,0
soybean,0
britt,0
hormel,0
meatloaf,0
deviate,0
havent,0
ramen,0
dog/boloni,0
crusade,0
bouyardee,0
academy,0
breastmillk,0
feather,0
pickiest,0
convection,0
martha,0
enjoyer,0
retriever/standard,0
dachuhund,0
baldwin,0
interesting,0
affair,0
friends/family,0
salt.,0
kowalski,0
stacy,0
bulge,0
tulsa,0
tounge,0
heb,0
airpocket,0
utz,0
toaster/microwave/confection,0
crunchier,0
addicting,0
size/packaging,0
fate,0
forefinger,0
precursor,0
scallions/green,0
canning,0
papaya,0
countryside,0
paperclip,0
kilter,0
ahhh,0
chefman,0
banana/strawberries/peach,0
robs,0
consitancy,0
levening,0
krustead,0
soft,0
krusteaz,0
lowering,0
osmosis,0
kiddos,0
cheese/carrot,0
diarhea,0
wingaling,0
scrap,0
ocassion,0
dieting,0
contributor,0
tahini,0
nocerino,0
visa,0
fyi,0
abbott,0
colic,0
engelesia,0
patient,0
cream/butter,0
rarity,0
ornament,0
exeption,0
puddin,0
challenger,0
pam,0
sugar/fat,0
rotten,0
ibuprofen,0
consentrate,0
montmorency,0
rtcj,0
dancing,0
inflamation,0
pining,0
baci,0
perugina,0
proplem,0
moisturizing,0
fairway,0
snacks.,0
guatamalan,0
stellar,0
smoothe,0
friendliness,0
boldness,0
coffee/mocha,0
sickening,0
concourse,0
spinning,0
pedialyte,0
trendy,0
hydrator,0
whew,0
standalone,0
quencher,0
sicker,0
sojos,0
wiff,0
motivation,0
grown/fair,0
phenylalanine,0
fungicidal/disease,0
gardner,0
vermin,0
sytemic,0
thomy,0
kraut,0
bratwurst,0
sherry,0
baxter,0
deterent,0
awakening,0
golfer,0
spreader,0
montebello,0
yesteryear,0
grandpa,0
motabolism,0
glycerite,0
giger,0
chan,0
sencha/green,0
midst,0
sprig,0
orville,0
vegaline,0
smallness,0
dc,0
jamun,0
oniony,0
fragment,0
pacific,0
hangover,0
messaging,0
cruise,0
opps,0
airtight,0
pigskin,0
circulatory,0
hydrox,0
bank,0
premature,0
humm,0
older,0
buffoon,0
crystallization,0
incarnation,0
refresher,0
fairy,0
stail,0
liar.,0
trailer,0
pen,0
polytape,0
maternity,0
alpaca,0
hc,0
paddock,0
stuf,0
excellence,0
orgran,0
iceing,0
retailing,0
reviewing,0
pepcid,0
proofed,0
pseudo,0
disability,0
enhanced.,0
swirling,0
taste.,0
rain.,0
terribly,0
crip,0
arsenic,0
taboule,0
timor,0
structure,0
peicer,0
suspension,0
nestle,0
makeup,0
'grittyness,0
wattery,0
chocklate,0
looking/this,0
plasticy,0
sucorse,0
coc,0
baseball,0
gipped,0
gordo,0
tapanade,0
stockpile,0
balding,0
mangia,0
pg,0
woeber,0
wheat/grain,0
heritage,0
ener,0
consolation,0
elixir,0
wei,0
hot/sweet,0
taught,0
lodge,0
kaffee,0
yesterdy,0
ikea,0
zoo,0
larry,0
fuze,0
citrimax,0
traffic,0
circumference,0
hanout,0
angelina,0
malta,0
stiffer,0
teensy,0
grouping,0
glazier,0
nprice,0
cheaply,0
district,0
aeropress,0
bialetti,0
watter,0
ashby,0
dove,0
got,0
frustrating,0
ck,0
lauryl,0
grandeur,0
mg.,0
hypothyroidism,0
matzah,0
litte,0
tempranillo,0
sunshine,0
condensor,0
mlx,0
recorder,0
soundboard,0
micpreamp,0
vocal,0
vista,0
gaming,0
encore,0
disposal,0
compatibly,0
intermittent,0
chinsy,0
audacity,0
transparent,0
commercial,0
firmware,0
laziness,0
themintmovieman,0
amp,0
ustream,0
phantom,0
laptop,0
studion,0
guitar,0
verrryyy,0
modem,0
hacer,0
muchos,0
por,0
tener,0
ruidos,0
algo,0
wii,0
pc/laptop,0
election,0
grit,0
http,0
arthritis/inflammation,0
arthur,0
w/either,0
waffle/pancake,0
circumstance,0
favorie,0
coffeecake,0
teen,0
rejoice,0
g/f,0
df,0
hostage,0
bc,0
teaspoonful,0
challah,0
gritty,0
objective,0
require,0
roger,0
died,0
pica,0
mex,0
fla.,0
seinfeld,0
matzo,0
seder,0
perfumey,0
ummm,0
sniffer,0
pureness,0
remarkable,0
stellarmoney,0
opaque,0
intimate,0
foregn,0
charlie,0
fantasy,0
hiss,0
distinctiveness,0
buffer,0
colombian,0
bai,0
powder/dust,0
procuct,0
foresight,0
slushy.,0
amazonia,0
eclipse,0
bomber,0
throttle,0
committ,0
cliff,0
prefecture,0
suppression,0
pomimo,0
elkhound,0
facebook,0
deceitful,0
hauling,0
sensitive,0
i/d,0
compassion,0
colo,0
poullex,0
chowhound,0
disrespect,0
peta,0
regurgitation,0
chore,0
regualry,0
iam,0
affect,0
humidifier,0
afrin,0
severity,0
clearer,0
nostril,0
f,0
chablis,0
zin,0
chardonnay,0
riesling,0
extension,0
syncope,0
horrifying,0
cretan,0
nick,0
barbell,0
mentos,0
rug,0
amsterdam,0
bluberry,0
amoxicillin,0
earlyshield,0
simplepac,0
teenager,0
swapping,0
duper,0
shakey,0
calories/carbs,0
skunky/chewing,0
fresco,0
sentence,0
facsimile,0
hairlike,0
hormone,0
halal,0
costumer,0
keepsake,0
dean,0
hitchcock,0
'fruit,0
oacute,0
palo,0
especial,0
louis,0
affordable,0
concerning,0
bros,0
ra,0
ire,0
pub,0
grows,0
lowes,0
mantle,0
growing,0
aa,0
perigord,0
vitakraft,0
pharmacist,0
megabyte,0
implementation,0
konriko,0
luggage,0
poppyseed,0
everidae,0
hamsteak,0
bag/container,0
embody,0
tropical,0
yogurtland,0
pastel,0
haunt,0
admonition,0
skip,0
topped,0
barb,0
limp,0
conjou,0
superior,0
thou,0
crumbly,0
savannah,0
dhabi,0
quota,0
calico,0
bora,0
rna,0
tijuana,0
'vanilla,0
ammount,0
popsicle,0
weekday,0
csr,0
forget,0
wellbeing,0
shinny,0
frappacino,0
carefree,0
nutrion,0
gaviscon,0
flatbread,0
unseen,0
diffeent,0
insult,0
ssn,0
cabbage,0
opposition,0
'coffee,0
bac,0
suffering,0
dot,0
ulcinex,0
fanfare,0
flocculation,0
magnum,0
lawnmower,0
smoker,0
panic,0
enduroshot,0
chaser,0
kame,0
ghiradelli,0
mocoa/cocoa,0
assault,0
froot,0
carrot/orange,0
ark,0
palace,0
illustration,0
anemia,0
pliability,0
bring,0
laying,0
bhut,0
hott,0
glitter,0
disco,0
tracking/delivery,0
si,0
vimto,0
nutro,0
trenton,0
dublin,0
direct,0
cityroast,0
moi,0
cbd,0
mylar,0
fellix,0
glase,0
n'bake,0
godness,0
soothe,0
drowsiness,0
dishful,0
tokyo,0
devouration,0
'al,0
tingle,0
hunter,0
peppered,0
chopstick,0
territory,0
louise,0
anderson,0
mariner,0
whitefish,0
hat,0
bannana,0
fruitcake,0
valrhona,0
manjari,0
mason,0
chevre,0
buche,0
fleeting,0
w/food,0
cookie/snack,0
gfcfefsf,0
joray,0
optuion,0
kiddo,0
stinger,0
blok,0
climb,0
'fix,0
cycling,0
pickup,0
tipos,0
dado,0
thinker,0
carbonization,0
eyebrow,0
mdr,0
notation,0
hybrid,0
izzie,0
schorle,0
mouthwash,0
water/juice,0
tasing,0
fizziness,0
soda/juice,0
citrusy,0
detractor,0
unhealthiness,0
sunkisk,0
flintstone,0
fanta,0
'tang,0
hansen,0
tangelo,0
'pop,0
croix,0
gb,0
fruit.,0
chill,0
knudsen,0
acaia,0
swig,0
caress,0
welch,0
orange/citrus,0
fizzle,0
tropical/hibiscus,0
mono,0
snug,0
maneuvering,0
merchandiser,0
cents/cup,0
standing,0
backup,0
usefulness,0
receive,0
recepticle,0
exta,0
comedy,0
gasket,0
washer/gasket,0
infinity,0
resulting,0
spill,0
intead,0
defeat,0
biggby,0
warp,0
flashcard,0
pittie,0
brach,0
dear,0
entendre,0
renita,0
distributing,0
chivetta,0
sahlen,0
avery,0
grapefuit,0
freer,0
tablespoonful,0
tapatio,0
mista,0
shiitake,0
pack.,0
prosper,0
wannabe,0
zinc/other,0
prostate,0
dewormer,0
employee,0
pepitas,0
boutique,0
body.,0
brn,0
sucrose,0
doone,0
diffrence,0
tecture,0
foie,0
corp,0
coctail,0
luke,0
appointment,0
sparkle,0
loumidis,0
repellant,0
outpost,0
leona,0
w/grace,0
vanilla/almond/coconut,0
album,0
pbj,0
freezie,0
prosecco,0
nasty,0
spry,0
inspector,0
depp,0
weed,0
goofy,0
dome,0
suppose,0
humid,0
bianco,0
hoof,0
saviour,0
'jesus,0
beneath,0
proximity,0
breathtaking,0
britta,0
gruel,0
gastro,0
knew,0
dietitian,0
goatmilk,0
spoiling,0
quickest,0
poisness,0
gastroenterologo,0
demas,0
vomitar,0
immunity,0
metropolitian,0
occurance,0
dominance,0
mince,0
mock,0
saly,0
checkup,0
championship,0
coloring=,0
barilla,0
rosy,0
dispensing,0
derbyshire,0
salcha,0
joebonsai,0
symbol,0
shin,0
behealthynfit,0
chalkiness,0
gainer,0
bsn,0
absorbtion,0
letichen,0
weil,0
endless,0
sprinkling,0
nori,0
ducale,0
lettieri,0
machines.,0
microgranuls,0
mus,0
meltzer,0
indulge,0
wrinkle,0
catswell,0
fiddle,0
weimaraner,0
catastrophe,0
westminster,0
spayed,0
photographer,0
elecare,0
bicarb,0
psa,0
wholesaler,0
fineness,0
overweight,0
amatriciana,0
guanciale,0
peccorino,0
binkie,0
amt,0
doce,0
hacking,0
whiskas,0
vaccuum,0
manchego,0
stable,0
woudl,0
spca,0
wgt,0
water.,0
say,0
reseerve,0
botter,0
irom,0
newcomer,0
dunkinesque,0
unplugging,0
blowout,0
rep.,0
tulley,0
francaie,0
ed,0
intense,0
decanter,0
rodeo,0
freind,0
phrase,0
airline,0
thisone,0
battlestar,0
confirm,0
applause,0
pleasant,0
like,0
proud,0
jamica,0
bos,0
tso,0
silken,0
anyhoo,0
yearning,0
neutrality,0
diy,0
gumbo,0
blooming,0
viinegret,0
amateur,0
sailsbury,0
rossa,0
capuccinos,0
per,0
delonghi,0
reagan,0
woop,0
dipt,0
misrepresentation,0
laperm,0
meow,0
commentary,0
french,0
appliance,0
bistro,0
douwe,0
free/,0
derm,0
vitacoco,0
general,0
chat,0
von's/safeway,0
felt,0
phenomenal,0
swelling,0
frutini,0
aralia,0
platform,0
recipiant,0
live,0
decorator,0
mmf,0
gumtex,0
stickiness,0
sculpting,0
bunko,0
luak,0
marshal,0
alteration,0
responsibility,0
nibble,0
ordeal,0
awesome.,0
chemotherapy,0
plant/bush/tree,0
mberry,0
parlor,0
ruby,0
tinge,0
receiver,0
blowing,0
tickling,0
pilsner,0
transcendence,0
kreg,0
chadwell,0
gourment,0
inca,0
carafe,0
change/improvement,0
ahd,0
hallway,0
peeking,0
d'antan,0
letters,0
therefrom,0
chateau,0
distrib,0
fl,0
aspic,0
op,0
gardening,0
object,0
spre,0
slamon,0
steviaplus,0
'jumbo,0
cognoscenti,0
redneck,0
yogurt/goji,0
imbalance,0
cierre,0
aacute,0
wishlist,0
peanutbutter,0
famotidine,0
pumping,0
echelon,0
midwife,0
amazn,0
solvent,0
ingredients.,0
timeframe,0
diabetes/obesity,0
laughter,0
ick,0
fishing,0
psyllium,0
slurry,0
myriad,0
jablum,0
waldenford,0
whoop,0
oklahoma,0
learning,0
char,0
octopus,0
verde,0
micowave,0
stench/smell,0
porchetta,0
taste/flavor,0
mmmmmmmm,0
lowery,0
food.,0
lawry,0
mmmmm,0
hissing,0
puente,0
chicharron,0
vat,0
bq,0
a+++,0
'off,0
tra,0
appel,0
pillar,0
mmm,0
inflation,0
englander,0
venting,0
firehouse,0
overtook,0
nothingness,0
houseful,0
tastepadthai,0
iris,0
merrier,0
cosco,0
cantaloupe,0
canteloupe,0
gallbladder/liver,0
washcloth,0
everything.,0
slimming,0
cholesteral,0
point/click,0
zucchini,0
kennewick,0
cheesey,0
gheeee,0
thermos,0
m,0
subtler,0
steambath,0
altrnative,0
pilaf,0
choclatey,0
chilly,0
alphabet,0
saucepan,0
tarallini,0
mediterranean,0
hempseed,0
biology,0
mrow,0
sunspot,0
distaste,0
emphasis,0
bluefin,0
scrape,0
convienience,0
sturgeon,0
magnificent,0
crunchie,0
omar,0
falvor,0
shocking,0
conveinence,0
drak,0
freshly,0
licking,0
dodgy,0
skippy,0
sjhipping,0
ranking,0
ay,0
flavrz,0
spirit,0
distant,0
quailty,0
report,0
understand,0
gorcery,0
particle,0
dis,0
toothpick,0
pickmeup,0
champ,0
flashlight,0
havig,0
bodyweight,0
multiblend,0
joice,0
ri,0
mischief,0
sodium/fat,0
lunch/snack,0
pringle,0
insead,0
university,0
pause,0
mmmmmmm,0
fat/box,0
garbonzo,0
weird/bland,0
snack/dessert/treat,0
cellulose,0
taht,0
compilation,0
safe,0
documentary,0
sirloin,0
kruncheeze,0
digress,0
kay,0
chrunch,0
momcat,0
grammys,0
w/out,0
lott,0
transfer,0
persnickety,0
lund,0
sunsweet,0
locker,0
anyplace,0
pretzle,0
buti,0
hardy,0
nourishing,0
monseter,0
dyed,0
divine,0
chez,0
prodcut,0
epsom,0
cole/mason,0
miscalculation,0
crayon,0
recovery/protein,0
boulder,0
leopard,0
kohler,0
tenderloin,0
chicken.,0
albeit,0
denist,0
dampness,0
supporting,0
bench,0
cla,0
activator,0
swiss,0
blueprint,0
purityfarm,0
variability,0
chicklet,0
ghiardelli,0
kee,0
pennsylvania,0
xmas,0
sportea,0
bitz,0
storeage,0
mercado,0
slide,0
wiping,0
bent,0
coroner,0
counterspace,0
everycup,0
decor,0
bullseye,0
genache,0
bakehouse,0
marcos,0
sustenance,0
breakfasr,0
spoilage,0
suggest,0
unsatisfactory,0
bubble,0
promptness,0
fave,0
meditation,0
picking,0
potassium/sodium,0
grandfather,0
dissertation,0
bela,0
hazer,0
goody,0
milk/cream,0
glassful,0
luxation,0
choindroitin,0
shaunty,0
sheperd,0
dysplasia,0
yorksire,0
mcnab,0
hootie,0
rita,0
phelan,0
glucosomine,0
knee,0
glucosamine/chondroitin,0
chrondrotin,0
wuality,0
sentient,0
peppier,0
foamy,0
farming,0
contaminant,0
tu,0
juvenile,0
haluck,0
meet,0
cavachon,0
glucosamine/chondriotin,0
'stiff,0
dauchand,0
glucosomin,0
maniac,0
typo,0
foodstuff,0
writeoff,0
cabanon,0
bow,0
salting,0
crampy,0
presumably,0
standout,0
delobas,0
idiocy,0
passionate,0
variaty,0
hannover,0
jolie,0
experiece,0
num,0
interval,0
mascara,0
organizer,0
hadaki,0
kbr,0
raggedy,0
larder,0
snakin,0
tantrum,0
snackin,0
padding,0
pointless,0
cya,0
bigalow,0
tropic,0
overpowering,0
ballotin,0
granule,0
clever,0
basset,0
altho,0
bought,0
tur,0
classiest,0
natch,0
ige,0
wisk,0
guar,0
nutiva,0
milano,0
tn,0
purchae,0
albertson,0
nickel,0
native,0
yucateco,0
musician,0
mignon,0
destructive,0
cheeze,0
truce,0
thinkin,0
clip,0
virginian,0
gauge,0
blister,0
zen,0
starbux,0
sachet,0
straightforward,0
chickory,0
hardship,0
bing,0
suffice,0
treadmill,0
garlic/onion,0
tidbit,0
deserve,0
colombia,0
smiley,0
soxs,0
nesquik,0
magnet,0
soyuz,0
ebay,0
city/italian,0
hedgecock,0
celbes,0
essential,0
adhesive,0
millstone,0
flavored,0
hasa,0
television,0
gash,0
winey,0
kenya,0
meinl,0
aramark,0
honesty,0
secretary,0
dextrose,0
townhouse,0
writegirl,0
sleepover,0
rost,0
satisfing,0
gummie,0
blogger,0
nauseating,0
heartbeat,0
blanch,0
toooo,0
vogue,0
calorie/carb,0
pancreas/gi,0
drama,0
acura,0
chipping,0
labador,0
taking,0
baytril,0
regal,0
wiesend,0
food/treat,0
dazzle,0
urbani,0
essence.,0
misunderstood,0
hoosier,0
snapping,0
freezing,0
defrost,0
helpfulness,0
tupperwear,0
multiportion,0
jewish,0
plants/grass,0
torn,0
wesley,0
saccharine,0
hunting,0
jedi,0
talapia,0
flavors.,0
glutenfreeda,0
reese,0
dentastix,0
restless,0
fetch,0
edible,0
reba,0
oily,0
touch/texture,0
metro,0
racecar,0
campfire,0
clipper,0
sauv,0
wilde,0
bagged,0
paralleogram,0
napkin,0
msg/other,0
carpert,0
olivator,0
jab,0
wanting,0
experimenting,0
crowning,0
whippersnapper,0
interlocking,0
noggin,0
celebration,0
apps,0
gristley,0
sheesh,0
shaver,0
quesadilla,0
cop,0
lab/shepherd,0
agency,0
kirby,0
treeeeeat,0
consultant,0
waggin,0
bruno,0
warry,0
newmand,0
bust,0
approx.,0
atta,0
lam,0
'square,0
switcheroo,0
motivator,0
greedy,0
molasses.,0
jarring,0
nonfiction,0
nutshell,0
alpo,0
brace,0
chelsea,0
crude,0
beg,0
piper,0
hidden,0
aura,0
crease,0
beetle,0
motivating,0
zwieback,0
eraserhead,0
duck/rice,0
dynasty,0
mettle,0
acceptance,0
cleavage,0
about.,0
sting,0
dumping,0
russelss,0
zuchon,0
'taste,0
indiana,0
shepherd/springer,0
tilth,0
shetland,0
endeavor,0
welpac,0
ammonia,0
poeple,0
'saltine,0
cursive,0
saltine,0
catey,0
ar,0
wicker,0
unease,0
syndrome,0
stomach/nausea,0
bod,0
soy/meatless,0
dryer,0
tully,0
blame,0
cradle,0
holistic,0
carob,0
foods/sprouts/market,0
bakeware,0
crumblier,0
ghiardhelli,0
gassy,0
peak,0
watching,0
brer,0
percentile,0
milk/formula,0
wallmart,0
snab,0
jimbo,0
spendy,0
fusion,0
roscoe,0
trigger,0
foggy,0
candida,0
chocoate,0
aneed,0
lake,0
murray,0
bage,0
bookbinder,0
lakewood,0
juicer,0
orange/orange,0
galil,0
ewwwww,0
glilsv,0
cancel,0
mushiness,0
qfc,0
pastina,0
gourmand,0
lasagna,0
ancient,0
bordeaux,0
botox,0
glory,0
allspice,0
zillion,0
deter,0
oatcake,0
bakeshop,0
puffiness,0
significance,0
lone,0
syruping,0
bubblewrap,0
formualtion,0
sylvester,0
rc,0
coonie,0
cutesy,0
hare,0
sinful,0
impeller,0
devoid,0
chocolate/coconut,0
correction,0
smell/aroma,0
copany,0
tney,0
breakast,0
mindful,0
holic,0
mikey,0
hiking,0
chunkiness,0
handwriting,0
proctor,0
kodiak,0
rootball,0
paragraph,0
sheryl,0
monin,0
picth,0
clashing,0
benzoate,0
'healthy,0
hood,0
checker,0
hatch,0
beau,0
laxitive,0
andyway,0
xyllitol,0
munch,0
profession,0
heroin,0
mee,0
illness/death,0
guaranteed.,0
sentiment,0
stalk,0
blt,0
beacon,0
skyline,0
frontier,0
germ,0
staffordshire,0
iacute,0
seviche.,0
diverse,0
tienda,0
sato,0
viewpoint,0
bronx,0
gilroy,0
wuss,0
obispo,0
sirup,0
rouse,0
initiative,0
sweetz,0
realize,0
aahs,0
bibb,0
sport,0
munich,0
ritter,0
shaw,0
drill,0
millionaire,0
sprinle,0
maruchan,0
penalty,0
smattering,0
whopping,0
nissin,0
chefs.,0
tcp,0
suet,0
peterreeve,0
horn,0
corsair,0
pus,0
curse,0
veneer,0
thsi,0
sandy,0
tire,0
whinny,0
gelson,0
smoooooooooooth,0
motivater,0
moutain,0
buzzagent,0
breaskfast,0
yea,0
cupper,0
cooffe,0
bkfst,0
strenght,0
mountin,0
expat,0
spaghetti,0
nabisco,0
coating/aftertaste,0
du,0
convo,0
'weather,0
koshi,0
altinbas,0
turist,0
filiz,0
halva,0
feta,0
wednesday,0
sept.,0
sarracenia,0
dentyne,0
predecessor,0
bland_,0
concealment,0
quickie,0
experation,0
hardener,0
decontamination,0
hydrometer,0
eacute,0
grande,0
creativa,0
calories.,0
roomate,0
dinnerware,0
flair,0
snarf,0
kill,0
sence,0
scope,0
saying,0
refuse,0
contesa,0
fruit/coconut,0
surfing,0
farro,0
ultra,0
forman,0
bananna,0
/bar,0
inferior,0
bacon/ham,0
even,0
impostor,0
cheat,0
tajin,0
amts,0
cake/cookie,0
paula,0
fudgy,0
graphic,0
crabmeat,0
slimmer,0
advocate,0
bold/very,0
hallmark,0
meek,0
keureg,0
pleaser,0
vwhich,0
ingestion,0
floavor,0
ani,0
kola,0
relaxed,0
calm,0
cancun,0
abuelita,0
drip/allergy,0
irrigation,0
brilliant,0
loo,0
rejuvenation,0
sweenter,0
lechitin,0
ayurveda,0
'element,0
cough/cold,0
neice,0
baby/,0
gloria,0
dragonwell,0
alessi,0
dipper,0
tenessee,0
toxicity,0
hindenburg,0
sweetn,0
paper/wax,0
sugary/grainy,0
pillow,0
incompetent,0
disappeared,0
nh,0
angelfood,0
francais,0
ribena,0
immature,0
privledge,0
caffellatte,0
banana.,0
voodoo,0
flavor/character,0
schilling,0
exhibit,0
va.,0
museum,0
chocolatety,0
lecithinan,0
repulsive,0
tie,0
aggrevation,0
butter/banana,0
consistency/texture,0
weakness,0
caloric,0
refrig,0
gult,0
commissary,0
^_^,0
cal/low,0
manhattan,0
impo,0
deficit,0
smoothy,0
pinterest,0
token,0
alternatize,0
yougart,0
consuming,0
yocurt,0
tsps,0
slob,0
smear,0
aug,0
scrubrush,0
insect,0
concord,0
seedless,0
kombucha,0
leap,0
shipping/handling,0
w/o,0
rooty,0
caring,0
yak,0
resist,0
exquisite,0
kasia,0
australia,0
yen,0
ea,0
tooo,0
ireland,0
wich,0
suction,0
synthesis,0
tent,0
aveda,0
chocolote,0
anchony,0
housewarming,0
organization,0
bombing,0
voilet,0
leach,0
bout,0
rid,0
uptake,0
cousre,0
kidding,0
iwth,0
lipped,0
cleansing,0
jamaican,0
regimen,0
'premium,0
allergy/itch,0
overt,0
sparkly,0
bookbinding,0
cappaccino,0
probuct,0
balm,0
ristretto,0
vitamix,0
scotsman,0
lanka,0
kenyan,0
london,0
sealing,0
echo,0
raider,0
screaming,0
tripe,0
gate,0
bone/joint,0
dearly,0
disposition,0
harmful,0
gulcosamine,0
crinkle,0
jumping,0
crawl,0
goldie,0
rodan,0
hip/joint,0
golden.,0
basenji,0
oregano,0
'oatmeal,0
thanthe,0
thermogenesis,0
chromium,0
performance/energy,0
turbofire,0
bengali,0
avacados,0
spritz,0
sterol,0
pale,0
aficionado,0
avacado,0
blackening,0
greenville,0
gamble,0
armor,0
snake,0
pole,0
bane,0
ransom,0
pimental,0
hostility,0
pingshui,0
hesitent,0
degress,0
probe,0
tannin,0
stonge,0
weighty,0
y,0
forture,0
biking,0
pitch,0
seam,0
book/kindle,0
nonexistant,0
gutsy,0
oohing,0
want,0
turquoise,0
preservatives/flavor,0
box/,0
bio,0
bubbling,0
barq,0
sodium/msg,0
eveyday,0
carrying,0
pompeian,0
itme,0
skytrain,0
stint,0
nalley,0
cup/pot,0
bergamot/black,0
aspertame,0
'darker,0
slap,0
varietal,0
afficianados,0
aroma.,0
overwrought,0
min/,0
honest,0
teak,0
bergomot,0
sterling,0
wimp,0
retreat,0
bergamont,0
fauchon,0
olde,0
nescafe,0
localy,0
livanto,0
frou,0
creamer/milk,0
mislead,0
hese,0
gratin,0
condtion,0
strenth,0
calorie/fat/carb,0
swift,0
trim,0
boba,0
chihuahua/daschund,0
hurray,0
callie,0
mmmm,0
marmite,0
coleslaw,0
lactation,0
hindmilk,0
tikka,0
tandoor,0
naan,0
ecuador,0
termination,0
angostura,0
absolut,0
camellia,0
tea/pear,0
peachy,0
scalop,0
mollusk,0
label.,0
arabic,0
cheeesecake,0
allsort,0
cheapest,0
discussion,0
dishonest,0
anchor,0
diarreha,0
'pack,0
pouring,0
tired,0
hysteria,0
disregard,0
herring,0
sunrise,0
reaction.,0
lost,0
fp,0
hudsband,0
onine,0
malinois,0
pug/beagle,0
ruff,0
supporter,0
melamine,0
petfooddirect,0
constitution,0
diarreah,0
representative,0
boo,0
client,0
chiweeniepom,0
fruit/veggie,0
protein/fat,0
stuff.,0
transitioning,0
ministrone,0
mmms,0
processer,0
ratatuille,0
glop,0
eggplant,0
forumla,0
y'all,0
clearbrook,0
packaging/plastic,0
complex,0
fob,0
engineering,0
dragging,0
cupon,0
cupping,0
thesa,0
peasy,0
boldo,0
miralax,0
nog,0
barbery,0
novel,0
carnuba,0
chewier,0
makign,0
rebranding,0
posting,0
reseller,0
maplenut,0
stainless,0
'fridge,0
aioli,0
pumpkinseed,0
coworker,0
colonization,0
denmark,0
oceanography,0
exciting,0
bushy,0
misting,0
inky,0
carefulness,0
hargate,0
heartiness,0
taylor,0
crystalline,0
flute,0
unwrapped,0
hairless,0
bog,0
cookie/spice,0
syurps,0
sugars/zero,0
repurchase,0
urn,0
bottling,0
tastiness,0
slenda,0
bargan,0
porta,0
pitbull,0
newfie,0
biotin,0
rolling,0
keychain,0
chily,0
rapp,0
bittersweet,0
cameron,0
bones.,0
breath.,0
serendipity,0
dead,0
restaurant/store,0
chcolate,0
bend,0
switzerland,0
pienaroma,0
lavazzas,0
milk/foam,0
pl,0
midrange,0
duetto,0
cremas,0
caffettiere,0
hedge,0
copy,0
cranberries.,0
baguette,0
kameda,0
kaki,0
teatime,0
fromn,0
mfr,0
jazz,0
kmart,0
indo,0
reheating,0
addiciton,0
semester,0
substute,0
irregularity,0
improvment,0
colon,0
lawsuit,0
belle,0
gypsy,0
box/bag,0
annoyed,0
greenien,0
anesthesia,0
minature,0
everynight,0
restock,0
ontainer,0
mob,0
toby,0
trauma,0
exam,0
dentel,0
chase,0
misty,0
seince,0
spunky,0
overbite,0
ninety,0
brutus,0
boon,0
breat,0
rap,0
perritos,0
perfecto,0
outing,0
agility,0
saliva,0
fo,0
joan,0
hasnt,0
brandi,0
dakota,0
quilt,0
sending,0
greeny,0
ingriedant,0
cilium,0
orderless,0
dentist,0
chow/german,0
toothless,0
plague,0
ppl,0
bowden,0
nectare,0
respond,0
resale,0
motivate,0
keeshond,0
bff,0
engaging,0
concussion,0
ditch,0
rope\treat,0
maltese/jack,0
til,0
mental,0
barney,0
knick,0
potty,0
ventilation,0
amaze,0
favour,0
labradingo,0
petmart,0
samson,0
weezer,0
surf,0
mealtime,0
accomplishment,0
mimic,0
xsmall,0
treats/food,0
pong,0
thougth,0
morkie,0
med/lg,0
fido,0
clicker,0
insofar,0
heeler/husky,0
amstaf,0
dunbar,0
newfoundland,0
nosey,0
plunger,0
vacuuming,0
medium/large,0
lab/,0
taj,0
player,0
hre,0
petsmart/petco,0
poser,0
corso,0
intention,0
clunking,0
growl,0
shep/lab,0
entrance,0
gennie,0
worthless,0
beniful,0
rottweiler,0
dane/doberman,0
foster,0
dachsund,0
paralysis,0
park,0
inventor,0
shepherd/border,0
playtime,0
bleach,0
thoery,0
sheppard,0
infatuation,0
bleepin,0
slamming,0
turbulence,0
racket,0
welsh,0
sat,0
donate,0
tog,0
aggression,0
bedding,0
kneecap,0
blown,0
two,0
endurance,0
solo,0
maya,0
jug/bottle,0
jake,0
banging,0
xv,0
mansion,0
skinless,0
'bigger,0
handy,0
society,0
pallett,0
argument,0
crunchier/chewier,0
tasta,0
jpg/ut,0
apricot,0
paraguay,0
distinctive,0
sad,0
geomar,0
agitation,0
neotame,0
medicine.,0
upheaval,0
displeasing,0
medicince,0
frut,0
fruchte,0
dice,0
beefy,0
feat,0
assi,0
=d,0
kimchi,0
butter/margarine,0
coaster,0
yunnan,0
embarrassment,0
list.,0
lumpfish,0
periodic,0
tenor,0
imagery,0
lucid,0
dictionary,0
lucidity,0
profuct,0
amoujt,0
thoroughly,0
teeccino,0
collage,0
claussen,0
nudging,0
seventy,0
defence,0
happiness,0
rabbit/small,0
balence,0
itching/biting,0
tandem,0
truson,0
almondmilk,0
xxl,0
forbid,0
give,0
potein,0
saskatoon,0
whiting,0
urp,0
neutralizer,0
clapton,0
whine,0
rude,0
retention,0
cbtl,0
omph,0
fade,0
suffer,0
acicification,0
sensory,0
'kick,0
marnier,0
creaminess,0
antacid,0
cabernet,0
coffeepot,0
toleration,0
oopf,0
sanka,0
shibamoto,0
reflex,0
backwash,0
innovation,0
removeal,0
anacid,0
hernia,0
burlap,0
sheer,0
stomachache,0
duration,0
nutcracker,0
cr,0
candidate,0
reflux/heartburn,0
ashtray,0
dread,0
opacity,0
olson,0
roat,0
grief,0
bat,0
connoiseur,0
supremo,0
iffy,0
expecting,0
foreground,0
stagnant,0
pepercorn,0
peppermill,0
timeline,0
cabnet,0
manischewitz,0
any/all,0
paramount,0
gouda,0
havarti,0
hostel,0
dumpster,0
portioning,0
denver,0
resealable,0
staight,0
dredging,0
henceforth,0
jo,0
enjoyed,0
baseline,0
agatha,0
ballerina,0
youth,0
fifth,0
sidedish,0
'once,0
delish,0
autry,0
sauteing,0
centering,0
silty,0
buter,0
cm,0
poundage,0
bros.,0
reddiwip,0
interenet,0
whatgrass,0
breezy,0
solofill,0
torch,0
sugar/creme,0
fog,0
aficienado,0
versin,0
watergate,0
geesh,0
vohc,0
mcchain,0
wrestle,0
tai,0
ping,0
ketch,0
similarity,0
organicville,0
likeability,0
merry,0
maxx,0
monde,0
ambrosia,0
population,0
maria,0
bobby,0
beforehand,0
summery,0
whatta,0
onhand,0
robe,0
timespan,0
ultramix,0
stiring,0
shabby,0
forming,0
sheltie/collie,0
bison,0
pickiness,0
malnutrition,0
potato/,0
filing,0
duck/sweet,0
tracker,0
morky,0
formost,0
lucky,0
groggy,0
professor,0
onset,0
skimpy,0
seasening,0
cindy,0
outdoor,0
cocoquik,0
lesley,0
undertray,0
croissant,0
wrappr,0
he/she,0
nearby,0
dough/batter,0
swear,0
soooooo,0
easysweet,0
spatula,0
ballgame,0
biscuits/,0
redmill,0
induction,0
chocolate/raspberry,0
den,0
dishwater,0
houtt,0
praline,0
cubicle,0
droopy,0
meh,0
body/,0
foo,0
rthe,0
abuse,0
bitch,0
toungue,0
wack,0
playing,0
wart,0
santa,0
ottoson,0
food/snack,0
spinner,0
trick/job,0
administration,0
stimulating,0
pitbull/,0
write,0
squeeker,0
realizing,0
bulldog/chow,0
slot,0
triad,0
plush,0
daytime,0
span,0
squeaky,0
toenail,0
luciousness,0
deluca,0
romana,0
romano,0
tilt,0
nada,0
toothy,0
haryali,0
punjai,0
cutlet,0
gramma,0
consummation,0
youghurt,0
cheesier,0
bachelor,0
booth,0
caff.,0
hook,0
loganberry,0
hm,0
shelflife,0
stuff/////////,0
colada,0
syurp,0
giredelli,0
betty,0
swervice,0
bergin,0
village,0
dandy,0
juice/toothpaste,0
isa,0
broil,0
barn,0
anatomy,0
tendon,0
carbonara,0
woodster,0
poly,0
downstairs,0
cuckoo,0
baklawah,0
chub,0
secchi,0
junkfood,0
letdown,0
shuizhurou,0
devotion,0
aroma/taste,0
chloride,0
pompelmo,0
gumdrop,0
spell,0
cayman,0
notion,0
sugar/no,0
thse,0
ziwi,0
bodyfat,0
yamamotoyama,0
smootie,0
joghurt,0
shipped,0
terrie,0
riddence,0
rockwell,0
dig,0
weber,0
mesquite,0
/pack,0
fzzzzzt.,0
baloney,0
wallboard,0
katanga,0
reslish,0
shnitzel,0
egbert,0
stubby,0
bottler,0
license,0
blvd,0
bevmo,0
inn,0
visitor,0
blonde,0
blond,0
madhaya,0
controversy,0
munchy,0
w/these,0
saurus,0
budda,0
sodastream,0
smaple,0
peppeper,0
southeast,0
gai,0
rajastan,0
gujarati,0
broth.,0
'restaurant,0
daal,0
inferno,0
carne,0
coutry,0
seek,0
theo,0
veriety,0
probiotcs,0
diarheaa,0
adjust,0
mixing/smoothness,0
color/consistency/smell,0
grey/green,0
guessing,0
disconcerting,0
thrush,0
dinnertime,0
odour,0
multipack,0
repond,0
nystatin,0
probelm,0
rott,0
mead,0
nuun,0
suppressant,0
guarana,0
burner,0
kyocera,0
blander,0
soloveitchik,0
creepy,0
reproduction,0
maufacture,0
litterbox,0
compactness,0
mastic,0
lebanon,0
teacup,0
weiner,0
daschund,0
philadelphia,0
knockout,0
antipasto,0
divina,0
delverde,0
paradise,0
dim,0
gest,0
prevalence,0
emergen,0
azalea,0
mercy,0
sierra,0
seasonality,0
limoncella,0
surrender,0
siu,0
mjb,0
bento,0
gummis,0
nido,0
prepare,0
asada,0
abit,0
nite,0
suttle,0
hindi,0
overblown,0
comopany,0
promo,0
extroadinaire,0
mouldy,0
staining,0
firstmate,0
wayside,0
arame,0
chc,0
mealy,0
northeast,0
cafeteria,0
nightmare,0
decafe,0
ferriss,0
salter,0
affiliate,0
scum,0
toasting,0
celebrity,0
maman,0
with.,0
recyclable,0
pike,0
houseblend,0
salada,0
cheapskate,0
delia,0
replacement.,0
exclusion,0
'nutrition,0
rizzo,0
indianapolis,0
beter,0
yummmm,0
underside,0
barbados,0
phobia,0
davinci,0
heal,0
healing/nonhealing,0
ointment,0
yahoo,0
clinic,0
hing,0
onion/garlicy,0
wysong,0
vain,0
chickpeas/garbanzo,0
cattle,0
kiosk,0
epcot,0
fla,0
provision,0
poking,0
drying,0
crisping,0
giner,0
suzanne,0
vege,0
masa,0
fiance,0
abomination,0
bounty,0
upright,0
incubator,0
cooling,0
waterbath,0
milk/yogurt,0
yogur,0
casei,0
freecycle,0
brek,0
dram,0
occassion,0
whisky,0
lindor,0
smoth,0
hearth,0
mouthpiece,0
lt.,0
mimi,0
mixit,0
irish,0
wholegrain,0
livestock,0
lunchbox,0
falcon,0
coconit,0
effortless,0
marche,0
twise,0
carnegie,0
mmmmpop,0
celebrate,0
prototype,0
dec,0
totality,0
race,0
gadget,0
chipolte,0
incoherent,0
korea,0
chirardelli,0
belagio,0
kauai,0
maybee,0
culprit,0
cilatro,0
legume,0
lash,0
dieter,0
riding,0
fraud,0
molding,0
craftsmanship,0
tact,0
ricemaker,0
facial,0
dilemma,0
leukemia,0
sugar.,0
colder,0
nuke,0
popcornpopper,0
thingy,0
overkill,0
qt,0
resultthat,0
victim,0
steepage,0
superfruit,0
lark,0
duke,0
yore,0
capital,0
prosperity,0
penance,0
palestine,0
blind,0
lace,0
hankering,0
lemonaise,0
canola,0
iceberg,0
ho,0
cluizel,0
dagoba,0
utensil,0
bux,0
treats.,0
tamarind,0
keralan,0
jaffrey,0
begging,0
bcs,0
contributory,0
julian,0
fajitas,0
'product,0
ben,0
calmness,0
leaves.,0
dente.,0
timer,0
life.,0
elbow,0
becaus,0
gimmick,0
pulse,0
limb,0
glaceed,0
mzithra,0
absent,0
cmpany,0
humas,0
calorie/nutrition,0
consequence,0
dietary,0
overstock,0
extremism,0
darwish,0
fortunate,0
dijkman,0
def,0
edema,0
wording,0
archer,0
kneeding,0
manioc,0
anount,0
calzone,0
germinating,0
beachcomber,0
practicing,0
tracking,0
compatibility,0
somali,0
enthusiast,0
default,0
tea.,0
upc,0
midwest,0
participation,0
clementine,0
babysitter,0
jiffy,0
pity,0
hopper,0
shack,0
hello,0
whirleypop,0
greasiness,0
crank,0
gamut,0
overboard,0
lotta,0
steam/moisture,0
light/bottom,0
compaint,0
know,0
nothern,0
gn,0
yellowist,0
referrel,0
amusement,0
yell,0
plent,0
mannor,0
preportion,0
handier,0
palete,0
reddenbacher,0
inability,0
wounder,0
tobasco,0
salt/butter,0
scissor,0
boxload,0
chaplain,0
wpm,0
chewy/stale,0
splatter,0
vapor,0
boullion,0
'go,0
conference,0
walmar,0
eggnoggin,0
eggnogg,0
georgia,0
whipping,0
knockoff,0
invigorating,0
free/sugar,0
amazaing,0
connamon,0
coffee/tea,0
long,0
quotient,0
aching,0
steeped,0
icy,0
peninsula,0
acme,0
rice/barley,0
retal,0
aero,0
microbiology,0
noon,0
coffee/day,0
radioactive,0
flinstone,0
carli,0
renewal,0
mane,0
hardware,0
sundry,0
heartier,0
tablesalt,0
verstile,0
cia,0
tinfoil,0
flatter,0
paddle,0
playdough,0
roadblock,0
baked,0
allergic,0
weekly,0
pantone,0
friendship,0
minority,0
sparce,0
poupon,0
zone,0
nogii,0
wax.,0
rebuy,0
graving,0
caloric/,0
ferris,0
pal,0
preferrence,0
greatness,0
ntilde,0
bleachy,0
warsaw,0
domination,0
dopamine,0
proffit,0
favoring,0
poland,0
jacob,0
lotsa,0
president,0
sweeney,0
candie,0
sooooo,0
sept,0
peer,0
contribution,0
bland.,0
stank,0
alcholol,0
printing,0
promply,0
shiraz,0
butta,0
candy/bar/dessert,0
rosarita,0
morel,0
wheatard,0
attiki,0
purest,0
crunchy/non,0
brim,0
euro,0
choise,0
oct.,0
pricewise,0
primula,0
thinness,0
pitt,0
gim,0
refreashing,0
japanase,0
dalmation,0
d/t,0
bendo,0
^_~b,0
aluminium,0
tilapia,0
chocalate,0
asbach,0
experince,0
musketeer,0
pigment,0
ty.,0
cinnamon/coconut,0
redbush,0
chomp,0
fracture,0
tonga,0
panther,0
destination,0
sinker,0
twinkie,0
bottle.,0
thanksgiving/christmas,0
literature,0
saudi,0
peddler,0
penzey,0
bombay,0
greece,0
shia,0
growning,0
prob,0
sorbet,0
packaging/product,0
pefect,0
ibd,0
gourd,0
steaming,0
lucci,0
rippppp,0
offffff,0
colander,0
newsletter,0
millenium,0
drought,0
assure,0
yaayyyy,0
opener,0
ontrac,0
pumpkiny,0
water/milk,0
carotene,0
davandrew,0
janaury,0
chrysler,0
aftertaste/texture,0
autoship,0
nancy,0
rocket,0
addictiveness,0
petticoat,0
lessening,0
ideology,0
relax,0
commenter,0
beta,0
sasparilla,0
fairley,0
lingonberry,0
crisco,0
infront,0
airpopper,0
briefly,0
'meat,0
ravoili,0
sz,0
purpurea,0
burdock,0
mullein,0
elder,0
whisking,0
swallow,0
motion,0
slightest,0
quash,0
riboflavin,0
steer,0
cocoanut,0
mangosteen,0
suceptibility,0
august,0
omaha,0
glycerin,0
apple/bacon,0
pumpkin/apple,0
charater,0
charaterisic,0
bott,0
hashanah,0
winnie,0
procurement,0
begin,0
passionfruit,0
smartblend,0
winco,0
gluten/grain,0
cheeper,0
lemion,0
superb,0
qualitysyrup,0
coombs,0
greed,0
conniseuer,0
cowmilk,0
mercola,0
marinage,0
schrod,0
romp,0
wks,0
condition.,0
understatement,0
posession,0
rottie,0
vitaminscet,0
prem,0
retailer/vet,0
chlorine,0
tick,0
verification,0
publicity,0
daycare,0
rowdy,0
mouthwatering,0
price/convenience,0
www,0
hasappeal,0
triple,0
chimichurri,0
guarentee,0
sweet/and,0
dragonwater,0
hisbiscus,0
compost,0
excelent,0
bulb,0
definition,0
heaping,0
frangrance,0
brink,0
goin,0
beanin,0
percolator,0
fresno,0
snyder,0
timey,0
mindset,0
pawn,0
sediment,0
guacha,0
kitamu,0
arabica,0
akc,0
ot,0
er,0
wholesomeness,0
proclamation,0
softer,0
yep,0
hcg,0
gargling,0
walden,0
shiz,0
bioneem,0
figi,0
indention,0
insure,0
catmilk,0
synergy,0
scichimi,0
vb,0
bags/stale,0
krispy,0
chedder,0
robert,0
cannon,0
glenlivet,0
speysider,0
finding,0
noodls,0
tablspoon,0
chewey,0
elasticity,0
guinness,0
slushy,0
'winter,0
rehab,0
sulfur,0
dioxide,0
dried,0
cosmo,0
pacakaging,0
scrubbing,0
cutie,0
blurb,0
kittenhood,0
stink,0
comfy,0
toning,0
alvita,0
ba,0
uterus,0
medidicne,0
chakras,0
augment,0
canal,0
ninja,0
kicker,0
insomnia,0
mediciney,0
senna,0
anciety,0
attendant,0
koi,0
flame,0
blending,0
amerika,0
taxi,0
popin,0
suhsi,0
kracie,0
expectancy,0
spliting,0
bzzagent,0
prednisone,0
prune,0
otc,0
gumball,0
lasanga,0
vetrinarian,0
contentment,0
whiter,0
seem,0
becasue,0
collie/german,0
multivitamin,0
import,0
lab/shepard,0
weigh,0
delay,0
shihtzu,0
tester,0
ga,0
retriver,0
blow,0
yang,0
overhaul,0
convience,0
daybreak,0
kahlua,0
dimensional,0
getsome,0
chronic,0
discharge,0
workup,0
staph,0
salom,0
lab/retriever/hound,0
napalm,0
nasopharynx,0
siracha,0
wan,0
hotest,0
clearing,0
dortitos,0
namebrand,0
puppyhood,0
basball,0
stead,0
colman,0
ritual,0
pignoli,0
ai,0
basin,0
durango,0
redeeming,0
sickly,0
brooklyn,0
almondina,0
corporation,0
maruchanï¿½,0
yakisoba,0
wider,0
homestyle,0
refregirator,0
rona,0
yest,0
gout,0
tangyness,0
grissle,0
silverskin,0
spare,0
price/quality,0
nitrite,0
cannibalism,0
distinction,0
pkgs,0
scrap/small,0
px,0
woow,0
quote,0
fueling,0
monosodium,0
peice,0
sinew,0
language,0
robustness,0
coin,0
moo,0
cj,0
conservation,0
madison,0
wi,0
paella,0
jansimpson,0
squeezing,0
